年_age,年齢層,人数_x,year,年_gender,自殺者_総数,自殺者_男性,自殺者_女性,死亡率_総数,死亡率_男性,死亡率_女性,年,問題分類,人数_y
昭和53年,0～9歳,866.0,1978,昭和53年,20788.0,12859.0,7929.0,18.0,22.7,13.6,,,
昭和53年,10～19歳,,1978,昭和53年,20788.0,12859.0,7929.0,18.0,22.7,13.6,,,
昭和53年,20～29歳,3741.0,1978,昭和53年,20788.0,12859.0,7929.0,18.0,22.7,13.6,,,
昭和53年,30～39歳,3597.0,1978,昭和53年,20788.0,12859.0,7929.0,18.0,22.7,13.6,,,
昭和53年,40～49歳,3641.0,1978,昭和53年,20788.0,12859.0,7929.0,18.0,22.7,13.6,,,
昭和53年,50～59歳,2753.0,1978,昭和53年,20788.0,12859.0,7929.0,18.0,22.7,13.6,,,
昭和53年,60～69歳,6024.0,1978,昭和53年,20788.0,12859.0,7929.0,18.0,22.7,13.6,,,
昭和53年,70～79歳,,1978,昭和53年,20788.0,12859.0,7929.0,18.0,22.7,13.6,,,
昭和53年,80歳以上,,1978,昭和53年,20788.0,12859.0,7929.0,18.0,22.7,13.6,,,
昭和53年,不詳,166.0,1978,昭和53年,20788.0,12859.0,7929.0,18.0,22.7,13.6,,,
昭和53年,合計,20788.0,1978,昭和53年,20788.0,12859.0,7929.0,18.0,22.7,13.6,,,
昭和54年,0～9歳,919.0,1979,昭和54年,21503.0,13386.0,8117.0,18.5,23.4,13.8,,,
昭和54年,10～19歳,,1979,昭和54年,21503.0,13386.0,8117.0,18.5,23.4,13.8,,,
昭和54年,20～29歳,3654.0,1979,昭和54年,21503.0,13386.0,8117.0,18.5,23.4,13.8,,,
昭和54年,30～39歳,3808.0,1979,昭和54年,21503.0,13386.0,8117.0,18.5,23.4,13.8,,,
昭和54年,40～49歳,3796.0,1979,昭和54年,21503.0,13386.0,8117.0,18.5,23.4,13.8,,,
昭和54年,50～59歳,2977.0,1979,昭和54年,21503.0,13386.0,8117.0,18.5,23.4,13.8,,,
昭和54年,60～69歳,6163.0,1979,昭和54年,21503.0,13386.0,8117.0,18.5,23.4,13.8,,,
昭和54年,70～79歳,,1979,昭和54年,21503.0,13386.0,8117.0,18.5,23.4,13.8,,,
昭和54年,80歳以上,,1979,昭和54年,21503.0,13386.0,8117.0,18.5,23.4,13.8,,,
昭和54年,不詳,186.0,1979,昭和54年,21503.0,13386.0,8117.0,18.5,23.4,13.8,,,
昭和54年,合計,21503.0,1979,昭和54年,21503.0,13386.0,8117.0,18.5,23.4,13.8,,,
昭和55年,0～9歳,678.0,1980,昭和55年,21048.0,13155.0,7893.0,18.0,22.8,13.3,,,
昭和55年,10～19歳,,1980,昭和55年,21048.0,13155.0,7893.0,18.0,22.8,13.3,,,
昭和55年,20～29歳,3261.0,1980,昭和55年,21048.0,13155.0,7893.0,18.0,22.8,13.3,,,
昭和55年,30～39歳,3791.0,1980,昭和55年,21048.0,13155.0,7893.0,18.0,22.8,13.3,,,
昭和55年,40～49歳,3911.0,1980,昭和55年,21048.0,13155.0,7893.0,18.0,22.8,13.3,,,
昭和55年,50～59歳,3138.0,1980,昭和55年,21048.0,13155.0,7893.0,18.0,22.8,13.3,,,
昭和55年,60～69歳,6166.0,1980,昭和55年,21048.0,13155.0,7893.0,18.0,22.8,13.3,,,
昭和55年,70～79歳,,1980,昭和55年,21048.0,13155.0,7893.0,18.0,22.8,13.3,,,
昭和55年,80歳以上,,1980,昭和55年,21048.0,13155.0,7893.0,18.0,22.8,13.3,,,
昭和55年,不詳,103.0,1980,昭和55年,21048.0,13155.0,7893.0,18.0,22.8,13.3,,,
昭和55年,合計,21048.0,1980,昭和55年,21048.0,13155.0,7893.0,18.0,22.8,13.3,,,
昭和56年,0～9歳,620.0,1981,昭和56年,20434.0,12942.0,7492.0,17.3,22.3,12.5,,,
昭和56年,10～19歳,,1981,昭和56年,20434.0,12942.0,7492.0,17.3,22.3,12.5,,,
昭和56年,20～29歳,2777.0,1981,昭和56年,20434.0,12942.0,7492.0,17.3,22.3,12.5,,,
昭和56年,30～39歳,3653.0,1981,昭和56年,20434.0,12942.0,7492.0,17.3,22.3,12.5,,,
昭和56年,40～49歳,3996.0,1981,昭和56年,20434.0,12942.0,7492.0,17.3,22.3,12.5,,,
昭和56年,50～59歳,3304.0,1981,昭和56年,20434.0,12942.0,7492.0,17.3,22.3,12.5,,,
昭和56年,60～69歳,5985.0,1981,昭和56年,20434.0,12942.0,7492.0,17.3,22.3,12.5,,,
昭和56年,70～79歳,,1981,昭和56年,20434.0,12942.0,7492.0,17.3,22.3,12.5,,,
昭和56年,80歳以上,,1981,昭和56年,20434.0,12942.0,7492.0,17.3,22.3,12.5,,,
昭和56年,不詳,99.0,1981,昭和56年,20434.0,12942.0,7492.0,17.3,22.3,12.5,,,
昭和56年,合計,20434.0,1981,昭和56年,20434.0,12942.0,7492.0,17.3,22.3,12.5,,,
昭和57年,0～9歳,599.0,1982,昭和57年,21228.0,13654.0,7574.0,17.9,23.4,12.6,,,
昭和57年,10～19歳,,1982,昭和57年,21228.0,13654.0,7574.0,17.9,23.4,12.6,,,
昭和57年,20～29歳,2832.0,1982,昭和57年,21228.0,13654.0,7574.0,17.9,23.4,12.6,,,
昭和57年,30～39歳,3787.0,1982,昭和57年,21228.0,13654.0,7574.0,17.9,23.4,12.6,,,
昭和57年,40～49歳,4284.0,1982,昭和57年,21228.0,13654.0,7574.0,17.9,23.4,12.6,,,
昭和57年,50～59歳,3616.0,1982,昭和57年,21228.0,13654.0,7574.0,17.9,23.4,12.6,,,
昭和57年,60～69歳,6025.0,1982,昭和57年,21228.0,13654.0,7574.0,17.9,23.4,12.6,,,
昭和57年,70～79歳,,1982,昭和57年,21228.0,13654.0,7574.0,17.9,23.4,12.6,,,
昭和57年,80歳以上,,1982,昭和57年,21228.0,13654.0,7574.0,17.9,23.4,12.6,,,
昭和57年,不詳,85.0,1982,昭和57年,21228.0,13654.0,7574.0,17.9,23.4,12.6,,,
昭和57年,合計,21228.0,1982,昭和57年,21228.0,13654.0,7574.0,17.9,23.4,12.6,,,
昭和58年,0～9歳,657.0,1983,昭和58年,25202.0,17116.0,8086.0,21.1,29.1,13.3,,,
昭和58年,10～19歳,,1983,昭和58年,25202.0,17116.0,8086.0,21.1,29.1,13.3,,,
昭和58年,20～29歳,3050.0,1983,昭和58年,25202.0,17116.0,8086.0,21.1,29.1,13.3,,,
昭和58年,30～39歳,4099.0,1983,昭和58年,25202.0,17116.0,8086.0,21.1,29.1,13.3,,,
昭和58年,40～49歳,5460.0,1983,昭和58年,25202.0,17116.0,8086.0,21.1,29.1,13.3,,,
昭和58年,50～59歳,4846.0,1983,昭和58年,25202.0,17116.0,8086.0,21.1,29.1,13.3,,,
昭和58年,60～69歳,7004.0,1983,昭和58年,25202.0,17116.0,8086.0,21.1,29.1,13.3,,,
昭和58年,70～79歳,,1983,昭和58年,25202.0,17116.0,8086.0,21.1,29.1,13.3,,,
昭和58年,80歳以上,,1983,昭和58年,25202.0,17116.0,8086.0,21.1,29.1,13.3,,,
昭和58年,不詳,86.0,1983,昭和58年,25202.0,17116.0,8086.0,21.1,29.1,13.3,,,
昭和58年,合計,25202.0,1983,昭和58年,25202.0,17116.0,8086.0,21.1,29.1,13.3,,,
昭和59年,0～9歳,572.0,1984,昭和59年,24596.0,16508.0,8088.0,20.4,27.9,13.2,,,
昭和59年,10～19歳,,1984,昭和59年,24596.0,16508.0,8088.0,20.4,27.9,13.2,,,
昭和59年,20～29歳,2737.0,1984,昭和59年,24596.0,16508.0,8088.0,20.4,27.9,13.2,,,
昭和59年,30～39歳,3855.0,1984,昭和59年,24596.0,16508.0,8088.0,20.4,27.9,13.2,,,
昭和59年,40～49歳,5290.0,1984,昭和59年,24596.0,16508.0,8088.0,20.4,27.9,13.2,,,
昭和59年,50～59歳,4912.0,1984,昭和59年,24596.0,16508.0,8088.0,20.4,27.9,13.2,,,
昭和59年,60～69歳,7147.0,1984,昭和59年,24596.0,16508.0,8088.0,20.4,27.9,13.2,,,
昭和59年,70～79歳,,1984,昭和59年,24596.0,16508.0,8088.0,20.4,27.9,13.2,,,
昭和59年,80歳以上,,1984,昭和59年,24596.0,16508.0,8088.0,20.4,27.9,13.2,,,
昭和59年,不詳,83.0,1984,昭和59年,24596.0,16508.0,8088.0,20.4,27.9,13.2,,,
昭和59年,合計,24596.0,1984,昭和59年,24596.0,16508.0,8088.0,20.4,27.9,13.2,,,
昭和60年,0～9歳,557.0,1985,昭和60年,23599.0,15624.0,7975.0,19.5,26.3,13.0,,,
昭和60年,10～19歳,,1985,昭和60年,23599.0,15624.0,7975.0,19.5,26.3,13.0,,,
昭和60年,20～29歳,2548.0,1985,昭和60年,23599.0,15624.0,7975.0,19.5,26.3,13.0,,,
昭和60年,30～39歳,3519.0,1985,昭和60年,23599.0,15624.0,7975.0,19.5,26.3,13.0,,,
昭和60年,40～49歳,4936.0,1985,昭和60年,23599.0,15624.0,7975.0,19.5,26.3,13.0,,,
昭和60年,50～59歳,4815.0,1985,昭和60年,23599.0,15624.0,7975.0,19.5,26.3,13.0,,,
昭和60年,60～69歳,7143.0,1985,昭和60年,23599.0,15624.0,7975.0,19.5,26.3,13.0,,,
昭和60年,70～79歳,,1985,昭和60年,23599.0,15624.0,7975.0,19.5,26.3,13.0,,,
昭和60年,80歳以上,,1985,昭和60年,23599.0,15624.0,7975.0,19.5,26.3,13.0,,,
昭和60年,不詳,81.0,1985,昭和60年,23599.0,15624.0,7975.0,19.5,26.3,13.0,,,
昭和60年,合計,23599.0,1985,昭和60年,23599.0,15624.0,7975.0,19.5,26.3,13.0,,,
昭和61年,0～9歳,802.0,1986,昭和61年,25524.0,16497.0,9027.0,21.0,27.6,14.6,,,
昭和61年,10～19歳,,1986,昭和61年,25524.0,16497.0,9027.0,21.0,27.6,14.6,,,
昭和61年,20～29歳,2824.0,1986,昭和61年,25524.0,16497.0,9027.0,21.0,27.6,14.6,,,
昭和61年,30～39歳,3687.0,1986,昭和61年,25524.0,16497.0,9027.0,21.0,27.6,14.6,,,
昭和61年,40～49歳,4948.0,1986,昭和61年,25524.0,16497.0,9027.0,21.0,27.6,14.6,,,
昭和61年,50～59歳,5385.0,1986,昭和61年,25524.0,16497.0,9027.0,21.0,27.6,14.6,,,
昭和61年,60～69歳,7794.0,1986,昭和61年,25524.0,16497.0,9027.0,21.0,27.6,14.6,,,
昭和61年,70～79歳,,1986,昭和61年,25524.0,16497.0,9027.0,21.0,27.6,14.6,,,
昭和61年,80歳以上,,1986,昭和61年,25524.0,16497.0,9027.0,21.0,27.6,14.6,,,
昭和61年,不詳,84.0,1986,昭和61年,25524.0,16497.0,9027.0,21.0,27.6,14.6,,,
昭和61年,合計,25524.0,1986,昭和61年,25524.0,16497.0,9027.0,21.0,27.6,14.6,,,
昭和62年,0～9歳,577.0,1987,昭和62年,24460.0,15802.0,8658.0,20.0,26.3,13.9,,,
昭和62年,10～19歳,,1987,昭和62年,24460.0,15802.0,8658.0,20.0,26.3,13.9,,,
昭和62年,20～29歳,2588.0,1987,昭和62年,24460.0,15802.0,8658.0,20.0,26.3,13.9,,,
昭和62年,30～39歳,3447.0,1987,昭和62年,24460.0,15802.0,8658.0,20.0,26.3,13.9,,,
昭和62年,40～49歳,4696.0,1987,昭和62年,24460.0,15802.0,8658.0,20.0,26.3,13.9,,,
昭和62年,50～59歳,5129.0,1987,昭和62年,24460.0,15802.0,8658.0,20.0,26.3,13.9,,,
昭和62年,60～69歳,7943.0,1987,昭和62年,24460.0,15802.0,8658.0,20.0,26.3,13.9,,,
昭和62年,70～79歳,,1987,昭和62年,24460.0,15802.0,8658.0,20.0,26.3,13.9,,,
昭和62年,80歳以上,,1987,昭和62年,24460.0,15802.0,8658.0,20.0,26.3,13.9,,,
昭和62年,不詳,80.0,1987,昭和62年,24460.0,15802.0,8658.0,20.0,26.3,13.9,,,
昭和62年,合計,24460.0,1987,昭和62年,24460.0,15802.0,8658.0,20.0,26.3,13.9,,,
昭和63年,0～9歳,603.0,1988,昭和63年,23742.0,14934.0,8808.0,19.3,24.8,14.1,,,
昭和63年,10～19歳,,1988,昭和63年,23742.0,14934.0,8808.0,19.3,24.8,14.1,,,
昭和63年,20～29歳,2479.0,1988,昭和63年,23742.0,14934.0,8808.0,19.3,24.8,14.1,,,
昭和63年,30～39歳,3180.0,1988,昭和63年,23742.0,14934.0,8808.0,19.3,24.8,14.1,,,
昭和63年,40～49歳,4459.0,1988,昭和63年,23742.0,14934.0,8808.0,19.3,24.8,14.1,,,
昭和63年,50～59歳,4886.0,1988,昭和63年,23742.0,14934.0,8808.0,19.3,24.8,14.1,,,
昭和63年,60～69歳,8044.0,1988,昭和63年,23742.0,14934.0,8808.0,19.3,24.8,14.1,,,
昭和63年,70～79歳,,1988,昭和63年,23742.0,14934.0,8808.0,19.3,24.8,14.1,,,
昭和63年,80歳以上,,1988,昭和63年,23742.0,14934.0,8808.0,19.3,24.8,14.1,,,
昭和63年,不詳,91.0,1988,昭和63年,23742.0,14934.0,8808.0,19.3,24.8,14.1,,,
昭和63年,合計,23742.0,1988,昭和63年,23742.0,14934.0,8808.0,19.3,24.8,14.1,,,
平成元年,0～9歳,534.0,1989,平成元年,22436.0,13818.0,8618.0,18.2,22.8,13.7,,,
平成元年,10～19歳,,1989,平成元年,22436.0,13818.0,8618.0,18.2,22.8,13.7,,,
平成元年,20～29歳,2357.0,1989,平成元年,22436.0,13818.0,8618.0,18.2,22.8,13.7,,,
平成元年,30～39歳,2865.0,1989,平成元年,22436.0,13818.0,8618.0,18.2,22.8,13.7,,,
平成元年,40～49歳,4202.0,1989,平成元年,22436.0,13818.0,8618.0,18.2,22.8,13.7,,,
平成元年,50～59歳,4296.0,1989,平成元年,22436.0,13818.0,8618.0,18.2,22.8,13.7,,,
平成元年,60～69歳,8075.0,1989,平成元年,22436.0,13818.0,8618.0,18.2,22.8,13.7,,,
平成元年,70～79歳,,1989,平成元年,22436.0,13818.0,8618.0,18.2,22.8,13.7,,,
平成元年,80歳以上,,1989,平成元年,22436.0,13818.0,8618.0,18.2,22.8,13.7,,,
平成元年,不詳,107.0,1989,平成元年,22436.0,13818.0,8618.0,18.2,22.8,13.7,,,
平成元年,合計,22436.0,1989,平成元年,22436.0,13818.0,8618.0,18.2,22.8,13.7,,,
平成２年,0～9歳,467.0,1990,平成２年,21346.0,13102.0,8244.0,17.3,21.6,13.1,,,
平成２年,10～19歳,,1990,平成２年,21346.0,13102.0,8244.0,17.3,21.6,13.1,,,
平成２年,20～29歳,2226.0,1990,平成２年,21346.0,13102.0,8244.0,17.3,21.6,13.1,,,
平成２年,30～39歳,2543.0,1990,平成２年,21346.0,13102.0,8244.0,17.3,21.6,13.1,,,
平成２年,40～49歳,3982.0,1990,平成２年,21346.0,13102.0,8244.0,17.3,21.6,13.1,,,
平成２年,50～59歳,4176.0,1990,平成２年,21346.0,13102.0,8244.0,17.3,21.6,13.1,,,
平成２年,60～69歳,7853.0,1990,平成２年,21346.0,13102.0,8244.0,17.3,21.6,13.1,,,
平成２年,70～79歳,,1990,平成２年,21346.0,13102.0,8244.0,17.3,21.6,13.1,,,
平成２年,80歳以上,,1990,平成２年,21346.0,13102.0,8244.0,17.3,21.6,13.1,,,
平成２年,不詳,99.0,1990,平成２年,21346.0,13102.0,8244.0,17.3,21.6,13.1,,,
平成２年,合計,21346.0,1990,平成２年,21346.0,13102.0,8244.0,17.3,21.6,13.1,,,
平成３年,0～9歳,454.0,1991,平成３年,21084.0,13242.0,7842.0,17.0,21.7,12.4,,,
平成３年,10～19歳,,1991,平成３年,21084.0,13242.0,7842.0,17.0,21.7,12.4,,,
平成３年,20～29歳,2215.0,1991,平成３年,21084.0,13242.0,7842.0,17.0,21.7,12.4,,,
平成３年,30～39歳,2391.0,1991,平成３年,21084.0,13242.0,7842.0,17.0,21.7,12.4,,,
平成３年,40～49歳,3953.0,1991,平成３年,21084.0,13242.0,7842.0,17.0,21.7,12.4,,,
平成３年,50～59歳,4423.0,1991,平成３年,21084.0,13242.0,7842.0,17.0,21.7,12.4,,,
平成３年,60～69歳,7576.0,1991,平成３年,21084.0,13242.0,7842.0,17.0,21.7,12.4,,,
平成３年,70～79歳,,1991,平成３年,21084.0,13242.0,7842.0,17.0,21.7,12.4,,,
平成３年,80歳以上,,1991,平成３年,21084.0,13242.0,7842.0,17.0,21.7,12.4,,,
平成３年,不詳,72.0,1991,平成３年,21084.0,13242.0,7842.0,17.0,21.7,12.4,,,
平成３年,合計,21084.0,1991,平成３年,21084.0,13242.0,7842.0,17.0,21.7,12.4,,,
平成４年,0～9歳,524.0,1992,平成４年,22104.0,14296.0,7808.0,17.7,23.4,12.3,,,
平成４年,10～19歳,,1992,平成４年,22104.0,14296.0,7808.0,17.7,23.4,12.3,,,
平成４年,20～29歳,2313.0,1992,平成４年,22104.0,14296.0,7808.0,17.7,23.4,12.3,,,
平成４年,30～39歳,2391.0,1992,平成４年,22104.0,14296.0,7808.0,17.7,23.4,12.3,,,
平成４年,40～49歳,4186.0,1992,平成４年,22104.0,14296.0,7808.0,17.7,23.4,12.3,,,
平成４年,50～59歳,4708.0,1992,平成４年,22104.0,14296.0,7808.0,17.7,23.4,12.3,,,
平成４年,60～69歳,7912.0,1992,平成４年,22104.0,14296.0,7808.0,17.7,23.4,12.3,,,
平成４年,70～79歳,,1992,平成４年,22104.0,14296.0,7808.0,17.7,23.4,12.3,,,
平成４年,80歳以上,,1992,平成４年,22104.0,14296.0,7808.0,17.7,23.4,12.3,,,
平成４年,不詳,70.0,1992,平成４年,22104.0,14296.0,7808.0,17.7,23.4,12.3,,,
平成４年,合計,22104.0,1992,平成４年,22104.0,14296.0,7808.0,17.7,23.4,12.3,,,
平成５年,0～9歳,446.0,1993,平成５年,21851.0,14468.0,7383.0,17.5,23.6,11.6,,,
平成５年,10～19歳,,1993,平成５年,21851.0,14468.0,7383.0,17.5,23.6,11.6,,,
平成５年,20～29歳,2251.0,1993,平成５年,21851.0,14468.0,7383.0,17.5,23.6,11.6,,,
平成５年,30～39歳,2473.0,1993,平成５年,21851.0,14468.0,7383.0,17.5,23.6,11.6,,,
平成５年,40～49歳,4146.0,1993,平成５年,21851.0,14468.0,7383.0,17.5,23.6,11.6,,,
平成５年,50～59歳,4846.0,1993,平成５年,21851.0,14468.0,7383.0,17.5,23.6,11.6,,,
平成５年,60～69歳,7525.0,1993,平成５年,21851.0,14468.0,7383.0,17.5,23.6,11.6,,,
平成５年,70～79歳,,1993,平成５年,21851.0,14468.0,7383.0,17.5,23.6,11.6,,,
平成５年,80歳以上,,1993,平成５年,21851.0,14468.0,7383.0,17.5,23.6,11.6,,,
平成５年,不詳,164.0,1993,平成５年,21851.0,14468.0,7383.0,17.5,23.6,11.6,,,
平成５年,合計,21851.0,1993,平成５年,21851.0,14468.0,7383.0,17.5,23.6,11.6,,,
平成６年,0～9歳,580.0,1994,平成６年,21679.0,14560.0,7119.0,17.3,23.7,11.2,,,
平成６年,10～19歳,,1994,平成６年,21679.0,14560.0,7119.0,17.3,23.7,11.2,,,
平成６年,20～29歳,2494.0,1994,平成６年,21679.0,14560.0,7119.0,17.3,23.7,11.2,,,
平成６年,30～39歳,2410.0,1994,平成６年,21679.0,14560.0,7119.0,17.3,23.7,11.2,,,
平成６年,40～49歳,3806.0,1994,平成６年,21679.0,14560.0,7119.0,17.3,23.7,11.2,,,
平成６年,50～59歳,4732.0,1994,平成６年,21679.0,14560.0,7119.0,17.3,23.7,11.2,,,
平成６年,60～69歳,7438.0,1994,平成６年,21679.0,14560.0,7119.0,17.3,23.7,11.2,,,
平成６年,70～79歳,,1994,平成６年,21679.0,14560.0,7119.0,17.3,23.7,11.2,,,
平成６年,80歳以上,,1994,平成６年,21679.0,14560.0,7119.0,17.3,23.7,11.2,,,
平成６年,不詳,219.0,1994,平成６年,21679.0,14560.0,7119.0,17.3,23.7,11.2,,,
平成６年,合計,21679.0,1994,平成６年,21679.0,14560.0,7119.0,17.3,23.7,11.2,,,
平成７年,0～9歳,515.0,1995,平成７年,22445.0,14874.0,7571.0,17.9,24.2,11.8,,,
平成７年,10～19歳,,1995,平成７年,22445.0,14874.0,7571.0,17.9,24.2,11.8,,,
平成７年,20～29歳,2509.0,1995,平成７年,22445.0,14874.0,7571.0,17.9,24.2,11.8,,,
平成７年,30～39歳,2467.0,1995,平成７年,22445.0,14874.0,7571.0,17.9,24.2,11.8,,,
平成７年,40～49歳,3999.0,1995,平成７年,22445.0,14874.0,7571.0,17.9,24.2,11.8,,,
平成７年,50～59歳,5031.0,1995,平成７年,22445.0,14874.0,7571.0,17.9,24.2,11.8,,,
平成７年,60～69歳,7739.0,1995,平成７年,22445.0,14874.0,7571.0,17.9,24.2,11.8,,,
平成７年,70～79歳,,1995,平成７年,22445.0,14874.0,7571.0,17.9,24.2,11.8,,,
平成７年,80歳以上,,1995,平成７年,22445.0,14874.0,7571.0,17.9,24.2,11.8,,,
平成７年,不詳,185.0,1995,平成７年,22445.0,14874.0,7571.0,17.9,24.2,11.8,,,
平成７年,合計,22445.0,1995,平成７年,22445.0,14874.0,7571.0,17.9,24.2,11.8,,,
平成８年,0～9歳,492.0,1996,平成８年,23104.0,15393.0,7711.0,18.4,24.9,12.0,,,
平成８年,10～19歳,,1996,平成８年,23104.0,15393.0,7711.0,18.4,24.9,12.0,,,
平成８年,20～29歳,2457.0,1996,平成８年,23104.0,15393.0,7711.0,18.4,24.9,12.0,,,
平成８年,30～39歳,2501.0,1996,平成８年,23104.0,15393.0,7711.0,18.4,24.9,12.0,,,
平成８年,40～49歳,4147.0,1996,平成８年,23104.0,15393.0,7711.0,18.4,24.9,12.0,,,
平成８年,50～59歳,5013.0,1996,平成８年,23104.0,15393.0,7711.0,18.4,24.9,12.0,,,
平成８年,60～69歳,8244.0,1996,平成８年,23104.0,15393.0,7711.0,18.4,24.9,12.0,,,
平成８年,70～79歳,,1996,平成８年,23104.0,15393.0,7711.0,18.4,24.9,12.0,,,
平成８年,80歳以上,,1996,平成８年,23104.0,15393.0,7711.0,18.4,24.9,12.0,,,
平成８年,不詳,250.0,1996,平成８年,23104.0,15393.0,7711.0,18.4,24.9,12.0,,,
平成８年,合計,23104.0,1996,平成８年,23104.0,15393.0,7711.0,18.4,24.9,12.0,,,
平成９年,0～9歳,469.0,1997,平成９年,24391.0,16416.0,7975.0,19.3,26.6,12.4,,,
平成９年,10～19歳,,1997,平成９年,24391.0,16416.0,7975.0,19.3,26.6,12.4,,,
平成９年,20～29歳,2534.0,1997,平成９年,24391.0,16416.0,7975.0,19.3,26.6,12.4,,,
平成９年,30～39歳,2767.0,1997,平成９年,24391.0,16416.0,7975.0,19.3,26.6,12.4,,,
平成９年,40～49歳,4200.0,1997,平成９年,24391.0,16416.0,7975.0,19.3,26.6,12.4,,,
平成９年,50～59歳,5422.0,1997,平成９年,24391.0,16416.0,7975.0,19.3,26.6,12.4,,,
平成９年,60～69歳,8747.0,1997,平成９年,24391.0,16416.0,7975.0,19.3,26.6,12.4,,,
平成９年,70～79歳,,1997,平成９年,24391.0,16416.0,7975.0,19.3,26.6,12.4,,,
平成９年,80歳以上,,1997,平成９年,24391.0,16416.0,7975.0,19.3,26.6,12.4,,,
平成９年,不詳,252.0,1997,平成９年,24391.0,16416.0,7975.0,19.3,26.6,12.4,,,
平成９年,合計,24391.0,1997,平成９年,24391.0,16416.0,7975.0,19.3,26.6,12.4,,,
平成10年,0～9歳,720.0,1998,平成10年,32863.0,23013.0,9850.0,26.0,37.1,15.3,,,
平成10年,10～19歳,,1998,平成10年,32863.0,23013.0,9850.0,26.0,37.1,15.3,,,
平成10年,20～29歳,3472.0,1998,平成10年,32863.0,23013.0,9850.0,26.0,37.1,15.3,,,
平成10年,30～39歳,3614.0,1998,平成10年,32863.0,23013.0,9850.0,26.0,37.1,15.3,,,
平成10年,40～49歳,5359.0,1998,平成10年,32863.0,23013.0,9850.0,26.0,37.1,15.3,,,
平成10年,50～59歳,7898.0,1998,平成10年,32863.0,23013.0,9850.0,26.0,37.1,15.3,,,
平成10年,60～69歳,11494.0,1998,平成10年,32863.0,23013.0,9850.0,26.0,37.1,15.3,,,
平成10年,70～79歳,,1998,平成10年,32863.0,23013.0,9850.0,26.0,37.1,15.3,,,
平成10年,80歳以上,,1998,平成10年,32863.0,23013.0,9850.0,26.0,37.1,15.3,,,
平成10年,不詳,306.0,1998,平成10年,32863.0,23013.0,9850.0,26.0,37.1,15.3,,,
平成10年,合計,32863.0,1998,平成10年,32863.0,23013.0,9850.0,26.0,37.1,15.3,,,
平成11年,0～9歳,674.0,1999,平成11年,33048.0,23512.0,9536.0,26.1,37.9,14.8,,,
平成11年,10～19歳,,1999,平成11年,33048.0,23512.0,9536.0,26.1,37.9,14.8,,,
平成11年,20～29歳,3475.0,1999,平成11年,33048.0,23512.0,9536.0,26.1,37.9,14.8,,,
平成11年,30～39歳,3797.0,1999,平成11年,33048.0,23512.0,9536.0,26.1,37.9,14.8,,,
平成11年,40～49歳,5363.0,1999,平成11年,33048.0,23512.0,9536.0,26.1,37.9,14.8,,,
平成11年,50～59歳,8288.0,1999,平成11年,33048.0,23512.0,9536.0,26.1,37.9,14.8,,,
平成11年,60～69歳,11123.0,1999,平成11年,33048.0,23512.0,9536.0,26.1,37.9,14.8,,,
平成11年,70～79歳,,1999,平成11年,33048.0,23512.0,9536.0,26.1,37.9,14.8,,,
平成11年,80歳以上,,1999,平成11年,33048.0,23512.0,9536.0,26.1,37.9,14.8,,,
平成11年,不詳,328.0,1999,平成11年,33048.0,23512.0,9536.0,26.1,37.9,14.8,,,
平成11年,合計,33048.0,1999,平成11年,33048.0,23512.0,9536.0,26.1,37.9,14.8,,,
平成12年,0～9歳,598.0,2000,平成12年,31957.0,22727.0,9230.0,25.2,36.6,14.2,,,
平成12年,10～19歳,,2000,平成12年,31957.0,22727.0,9230.0,25.2,36.6,14.2,,,
平成12年,20～29歳,3301.0,2000,平成12年,31957.0,22727.0,9230.0,25.2,36.6,14.2,,,
平成12年,30～39歳,3685.0,2000,平成12年,31957.0,22727.0,9230.0,25.2,36.6,14.2,,,
平成12年,40～49歳,4818.0,2000,平成12年,31957.0,22727.0,9230.0,25.2,36.6,14.2,,,
平成12年,50～59歳,8245.0,2000,平成12年,31957.0,22727.0,9230.0,25.2,36.6,14.2,,,
平成12年,60～69歳,10997.0,2000,平成12年,31957.0,22727.0,9230.0,25.2,36.6,14.2,,,
平成12年,70～79歳,,2000,平成12年,31957.0,22727.0,9230.0,25.2,36.6,14.2,,,
平成12年,80歳以上,,2000,平成12年,31957.0,22727.0,9230.0,25.2,36.6,14.2,,,
平成12年,不詳,313.0,2000,平成12年,31957.0,22727.0,9230.0,25.2,36.6,14.2,,,
平成12年,合計,31957.0,2000,平成12年,31957.0,22727.0,9230.0,25.2,36.6,14.2,,,
平成13年,0～9歳,586.0,2001,平成13年,31042.0,22144.0,8898.0,24.4,35.6,13.7,,,
平成13年,10～19歳,,2001,平成13年,31042.0,22144.0,8898.0,24.4,35.6,13.7,,,
平成13年,20～29歳,3095.0,2001,平成13年,31042.0,22144.0,8898.0,24.4,35.6,13.7,,,
平成13年,30～39歳,3622.0,2001,平成13年,31042.0,22144.0,8898.0,24.4,35.6,13.7,,,
平成13年,40～49歳,4643.0,2001,平成13年,31042.0,22144.0,8898.0,24.4,35.6,13.7,,,
平成13年,50～59歳,7883.0,2001,平成13年,31042.0,22144.0,8898.0,24.4,35.6,13.7,,,
平成13年,60～69歳,10891.0,2001,平成13年,31042.0,22144.0,8898.0,24.4,35.6,13.7,,,
平成13年,70～79歳,,2001,平成13年,31042.0,22144.0,8898.0,24.4,35.6,13.7,,,
平成13年,80歳以上,,2001,平成13年,31042.0,22144.0,8898.0,24.4,35.6,13.7,,,
平成13年,不詳,322.0,2001,平成13年,31042.0,22144.0,8898.0,24.4,35.6,13.7,,,
平成13年,合計,31042.0,2001,平成13年,31042.0,22144.0,8898.0,24.4,35.6,13.7,,,
平成14年,0～9歳,502.0,2002,平成14年,32143.0,23080.0,9063.0,25.2,37.0,13.9,,,
平成14年,10～19歳,,2002,平成14年,32143.0,23080.0,9063.0,25.2,37.0,13.9,,,
平成14年,20～29歳,3018.0,2002,平成14年,32143.0,23080.0,9063.0,25.2,37.0,13.9,,,
平成14年,30～39歳,3935.0,2002,平成14年,32143.0,23080.0,9063.0,25.2,37.0,13.9,,,
平成14年,40～49歳,4813.0,2002,平成14年,32143.0,23080.0,9063.0,25.2,37.0,13.9,,,
平成14年,50～59歳,8462.0,2002,平成14年,32143.0,23080.0,9063.0,25.2,37.0,13.9,,,
平成14年,60～69歳,11119.0,2002,平成14年,32143.0,23080.0,9063.0,25.2,37.0,13.9,,,
平成14年,70～79歳,,2002,平成14年,32143.0,23080.0,9063.0,25.2,37.0,13.9,,,
平成14年,80歳以上,,2002,平成14年,32143.0,23080.0,9063.0,25.2,37.0,13.9,,,
平成14年,不詳,294.0,2002,平成14年,32143.0,23080.0,9063.0,25.2,37.0,13.9,,,
平成14年,合計,32143.0,2002,平成14年,32143.0,23080.0,9063.0,25.2,37.0,13.9,,,
平成15年,0～9歳,613.0,2003,平成15年,34427.0,24963.0,9464.0,27.0,40.0,14.5,,,
平成15年,10～19歳,,2003,平成15年,34427.0,24963.0,9464.0,27.0,40.0,14.5,,,
平成15年,20～29歳,3353.0,2003,平成15年,34427.0,24963.0,9464.0,27.0,40.0,14.5,,,
平成15年,30～39歳,4603.0,2003,平成15年,34427.0,24963.0,9464.0,27.0,40.0,14.5,,,
平成15年,40～49歳,5419.0,2003,平成15年,34427.0,24963.0,9464.0,27.0,40.0,14.5,,,
平成15年,50～59歳,8614.0,2003,平成15年,34427.0,24963.0,9464.0,27.0,40.0,14.5,,,
平成15年,60～69歳,11529.0,2003,平成15年,34427.0,24963.0,9464.0,27.0,40.0,14.5,,,
平成15年,70～79歳,,2003,平成15年,34427.0,24963.0,9464.0,27.0,40.0,14.5,,,
平成15年,80歳以上,,2003,平成15年,34427.0,24963.0,9464.0,27.0,40.0,14.5,,,
平成15年,不詳,296.0,2003,平成15年,34427.0,24963.0,9464.0,27.0,40.0,14.5,,,
平成15年,合計,34427.0,2003,平成15年,34427.0,24963.0,9464.0,27.0,40.0,14.5,,,
平成16年,0～9歳,589.0,2004,平成16年,32325.0,23272.0,9053.0,25.3,37.3,13.8,,,
平成16年,10～19歳,,2004,平成16年,32325.0,23272.0,9053.0,25.3,37.3,13.8,,,
平成16年,20～29歳,3247.0,2004,平成16年,32325.0,23272.0,9053.0,25.3,37.3,13.8,,,
平成16年,30～39歳,4333.0,2004,平成16年,32325.0,23272.0,9053.0,25.3,37.3,13.8,,,
平成16年,40～49歳,5102.0,2004,平成16年,32325.0,23272.0,9053.0,25.3,37.3,13.8,,,
平成16年,50～59歳,7772.0,2004,平成16年,32325.0,23272.0,9053.0,25.3,37.3,13.8,,,
平成16年,60～69歳,10994.0,2004,平成16年,32325.0,23272.0,9053.0,25.3,37.3,13.8,,,
平成16年,70～79歳,,2004,平成16年,32325.0,23272.0,9053.0,25.3,37.3,13.8,,,
平成16年,80歳以上,,2004,平成16年,32325.0,23272.0,9053.0,25.3,37.3,13.8,,,
平成16年,不詳,288.0,2004,平成16年,32325.0,23272.0,9053.0,25.3,37.3,13.8,,,
平成16年,合計,32325.0,2004,平成16年,32325.0,23272.0,9053.0,25.3,37.3,13.8,,,
平成17年,0～9歳,608.0,2005,平成17年,32552.0,23540.0,9012.0,25.5,37.8,13.8,,,
平成17年,10～19歳,,2005,平成17年,32552.0,23540.0,9012.0,25.5,37.8,13.8,,,
平成17年,20～29歳,3409.0,2005,平成17年,32552.0,23540.0,9012.0,25.5,37.8,13.8,,,
平成17年,30～39歳,4606.0,2005,平成17年,32552.0,23540.0,9012.0,25.5,37.8,13.8,,,
平成17年,40～49歳,5208.0,2005,平成17年,32552.0,23540.0,9012.0,25.5,37.8,13.8,,,
平成17年,50～59歳,7586.0,2005,平成17年,32552.0,23540.0,9012.0,25.5,37.8,13.8,,,
平成17年,60～69歳,10894.0,2005,平成17年,32552.0,23540.0,9012.0,25.5,37.8,13.8,,,
平成17年,70～79歳,,2005,平成17年,32552.0,23540.0,9012.0,25.5,37.8,13.8,,,
平成17年,80歳以上,,2005,平成17年,32552.0,23540.0,9012.0,25.5,37.8,13.8,,,
平成17年,不詳,241.0,2005,平成17年,32552.0,23540.0,9012.0,25.5,37.8,13.8,,,
平成17年,合計,32552.0,2005,平成17年,32552.0,23540.0,9012.0,25.5,37.8,13.8,,,
平成18年,0～9歳,623.0,2006,平成18年,32155.0,22813.0,9342.0,25.1,36.6,14.3,,,
平成18年,10～19歳,,2006,平成18年,32155.0,22813.0,9342.0,25.1,36.6,14.3,,,
平成18年,20～29歳,3395.0,2006,平成18年,32155.0,22813.0,9342.0,25.1,36.6,14.3,,,
平成18年,30～39歳,4497.0,2006,平成18年,32155.0,22813.0,9342.0,25.1,36.6,14.3,,,
平成18年,40～49歳,5008.0,2006,平成18年,32155.0,22813.0,9342.0,25.1,36.6,14.3,,,
平成18年,50～59歳,7246.0,2006,平成18年,32155.0,22813.0,9342.0,25.1,36.6,14.3,,,
平成18年,60～69歳,11120.0,2006,平成18年,32155.0,22813.0,9342.0,25.1,36.6,14.3,,,
平成18年,70～79歳,,2006,平成18年,32155.0,22813.0,9342.0,25.1,36.6,14.3,,,
平成18年,80歳以上,,2006,平成18年,32155.0,22813.0,9342.0,25.1,36.6,14.3,,,
平成18年,不詳,266.0,2006,平成18年,32155.0,22813.0,9342.0,25.1,36.6,14.3,,,
平成18年,合計,32155.0,2006,平成18年,32155.0,22813.0,9342.0,25.1,36.6,14.3,,,
平成19年,0～9歳,548.0,2007,平成19年,33093.0,23478.0,9615.0,25.8,37.6,14.7,,,
平成19年,10～19歳,,2007,平成19年,33093.0,23478.0,9615.0,25.8,37.6,14.7,,,
平成19年,20～29歳,3309.0,2007,平成19年,33093.0,23478.0,9615.0,25.8,37.6,14.7,,,
平成19年,30～39歳,4767.0,2007,平成19年,33093.0,23478.0,9615.0,25.8,37.6,14.7,,,
平成19年,40～49歳,5096.0,2007,平成19年,33093.0,23478.0,9615.0,25.8,37.6,14.7,,,
平成19年,50～59歳,7046.0,2007,平成19年,33093.0,23478.0,9615.0,25.8,37.6,14.7,,,
平成19年,60～69歳,5710.0,2007,平成19年,33093.0,23478.0,9615.0,25.8,37.6,14.7,,,
平成19年,70～79歳,3909.0,2007,平成19年,33093.0,23478.0,9615.0,25.8,37.6,14.7,,,
平成19年,80歳以上,2488.0,2007,平成19年,33093.0,23478.0,9615.0,25.8,37.6,14.7,,,
平成19年,不詳,220.0,2007,平成19年,33093.0,23478.0,9615.0,25.8,37.6,14.7,,,
平成19年,合計,33093.0,2007,平成19年,33093.0,23478.0,9615.0,25.8,37.6,14.7,,,
平成20年,0～9歳,611.0,2008,平成20年,32249.0,22831.0,9418.0,25.2,36.6,14.3,,,
平成20年,10～19歳,,2008,平成20年,32249.0,22831.0,9418.0,25.2,36.6,14.3,,,
平成20年,20～29歳,3438.0,2008,平成20年,32249.0,22831.0,9418.0,25.2,36.6,14.3,,,
平成20年,30～39歳,4850.0,2008,平成20年,32249.0,22831.0,9418.0,25.2,36.6,14.3,,,
平成20年,40～49歳,4970.0,2008,平成20年,32249.0,22831.0,9418.0,25.2,36.6,14.3,,,
平成20年,50～59歳,6363.0,2008,平成20年,32249.0,22831.0,9418.0,25.2,36.6,14.3,,,
平成20年,60～69歳,5735.0,2008,平成20年,32249.0,22831.0,9418.0,25.2,36.6,14.3,,,
平成20年,70～79歳,3697.0,2008,平成20年,32249.0,22831.0,9418.0,25.2,36.6,14.3,,,
平成20年,80歳以上,2361.0,2008,平成20年,32249.0,22831.0,9418.0,25.2,36.6,14.3,,,
平成20年,不詳,224.0,2008,平成20年,32249.0,22831.0,9418.0,25.2,36.6,14.3,,,
平成20年,合計,32249.0,2008,平成20年,32249.0,22831.0,9418.0,25.2,36.6,14.3,,,
平成21年,0～9歳,0.0,2009,平成21年,32845.0,23472.0,9373.0,25.7,37.6,14.3,,,
平成21年,10～19歳,565.0,2009,平成21年,32845.0,23472.0,9373.0,25.7,37.6,14.3,,,
平成21年,20～29歳,3470.0,2009,平成21年,32845.0,23472.0,9373.0,25.7,37.6,14.3,,,
平成21年,30～39歳,4794.0,2009,平成21年,32845.0,23472.0,9373.0,25.7,37.6,14.3,,,
平成21年,40～49歳,5261.0,2009,平成21年,32845.0,23472.0,9373.0,25.7,37.6,14.3,,,
平成21年,50～59歳,6491.0,2009,平成21年,32845.0,23472.0,9373.0,25.7,37.6,14.3,,,
平成21年,60～69歳,5958.0,2009,平成21年,32845.0,23472.0,9373.0,25.7,37.6,14.3,,,
平成21年,70～79歳,3671.0,2009,平成21年,32845.0,23472.0,9373.0,25.7,37.6,14.3,,,
平成21年,80歳以上,2405.0,2009,平成21年,32845.0,23472.0,9373.0,25.7,37.6,14.3,,,
平成21年,不詳,230.0,2009,平成21年,32845.0,23472.0,9373.0,25.7,37.6,14.3,,,
平成21年,合計,32845.0,2009,平成21年,32845.0,23472.0,9373.0,25.7,37.6,14.3,,,
平成22年,0～9歳,1.0,2010,平成22年,31690.0,22283.0,9407.0,24.7,35.8,14.3,,,
平成22年,10～19歳,551.0,2010,平成22年,31690.0,22283.0,9407.0,24.7,35.8,14.3,,,
平成22年,20～29歳,3240.0,2010,平成22年,31690.0,22283.0,9407.0,24.7,35.8,14.3,,,
平成22年,30～39歳,4596.0,2010,平成22年,31690.0,22283.0,9407.0,24.7,35.8,14.3,,,
平成22年,40～49歳,5165.0,2010,平成22年,31690.0,22283.0,9407.0,24.7,35.8,14.3,,,
平成22年,50～59歳,5959.0,2010,平成22年,31690.0,22283.0,9407.0,24.7,35.8,14.3,,,
平成22年,60～69歳,5908.0,2010,平成22年,31690.0,22283.0,9407.0,24.7,35.8,14.3,,,
平成22年,70～79歳,3673.0,2010,平成22年,31690.0,22283.0,9407.0,24.7,35.8,14.3,,,
平成22年,80歳以上,2401.0,2010,平成22年,31690.0,22283.0,9407.0,24.7,35.8,14.3,,,
平成22年,不詳,196.0,2010,平成22年,31690.0,22283.0,9407.0,24.7,35.8,14.3,,,
平成22年,合計,31690.0,2010,平成22年,31690.0,22283.0,9407.0,24.7,35.8,14.3,,,
平成23年,0～9歳,2.0,2011,平成23年,30651.0,20955.0,9696.0,24.0,33.7,14.8,,,
平成23年,10～19歳,620.0,2011,平成23年,30651.0,20955.0,9696.0,24.0,33.7,14.8,,,
平成23年,20～29歳,3304.0,2011,平成23年,30651.0,20955.0,9696.0,24.0,33.7,14.8,,,
平成23年,30～39歳,4455.0,2011,平成23年,30651.0,20955.0,9696.0,24.0,33.7,14.8,,,
平成23年,40～49歳,5053.0,2011,平成23年,30651.0,20955.0,9696.0,24.0,33.7,14.8,,,
平成23年,50～59歳,5375.0,2011,平成23年,30651.0,20955.0,9696.0,24.0,33.7,14.8,,,
平成23年,60～69歳,5547.0,2011,平成23年,30651.0,20955.0,9696.0,24.0,33.7,14.8,,,
平成23年,70～79歳,3685.0,2011,平成23年,30651.0,20955.0,9696.0,24.0,33.7,14.8,,,
平成23年,80歳以上,2429.0,2011,平成23年,30651.0,20955.0,9696.0,24.0,33.7,14.8,,,
平成23年,不詳,181.0,2011,平成23年,30651.0,20955.0,9696.0,24.0,33.7,14.8,,,
平成23年,合計,30651.0,2011,平成23年,30651.0,20955.0,9696.0,24.0,33.7,14.8,,,
平成24年,0～9歳,1.0,2012,平成24年,27858.0,19273.0,8585.0,21.8,31.0,13.1,,,
平成24年,10～19歳,586.0,2012,平成24年,27858.0,19273.0,8585.0,21.8,31.0,13.1,,,
平成24年,20～29歳,3000.0,2012,平成24年,27858.0,19273.0,8585.0,21.8,31.0,13.1,,,
平成24年,30～39歳,3781.0,2012,平成24年,27858.0,19273.0,8585.0,21.8,31.0,13.1,,,
平成24年,40～49歳,4616.0,2012,平成24年,27858.0,19273.0,8585.0,21.8,31.0,13.1,,,
平成24年,50～59歳,4668.0,2012,平成24年,27858.0,19273.0,8585.0,21.8,31.0,13.1,,,
平成24年,60～69歳,4976.0,2012,平成24年,27858.0,19273.0,8585.0,21.8,31.0,13.1,,,
平成24年,70～79歳,3661.0,2012,平成24年,27858.0,19273.0,8585.0,21.8,31.0,13.1,,,
平成24年,80歳以上,2411.0,2012,平成24年,27858.0,19273.0,8585.0,21.8,31.0,13.1,,,
平成24年,不詳,158.0,2012,平成24年,27858.0,19273.0,8585.0,21.8,31.0,13.1,,,
平成24年,合計,27858.0,2012,平成24年,27858.0,19273.0,8585.0,21.8,31.0,13.1,,,
平成25年,0～9歳,2.0,2013,平成25年,27283.0,18787.0,8496.0,21.4,30.3,13.0,,,
平成25年,10～19歳,545.0,2013,平成25年,27283.0,18787.0,8496.0,21.4,30.3,13.0,,,
平成25年,20～29歳,2801.0,2013,平成25年,27283.0,18787.0,8496.0,21.4,30.3,13.0,,,
平成25年,30～39歳,3705.0,2013,平成25年,27283.0,18787.0,8496.0,21.4,30.3,13.0,,,
平成25年,40～49歳,4589.0,2013,平成25年,27283.0,18787.0,8496.0,21.4,30.3,13.0,,,
平成25年,50～59歳,4484.0,2013,平成25年,27283.0,18787.0,8496.0,21.4,30.3,13.0,,,
平成25年,60～69歳,4716.0,2013,平成25年,27283.0,18787.0,8496.0,21.4,30.3,13.0,,,
平成25年,70～79歳,3785.0,2013,平成25年,27283.0,18787.0,8496.0,21.4,30.3,13.0,,,
平成25年,80歳以上,2533.0,2013,平成25年,27283.0,18787.0,8496.0,21.4,30.3,13.0,,,
平成25年,不詳,123.0,2013,平成25年,27283.0,18787.0,8496.0,21.4,30.3,13.0,,,
平成25年,合計,27283.0,2013,平成25年,27283.0,18787.0,8496.0,21.4,30.3,13.0,,,
平成26年,0～9歳,2.0,2014,平成26年,25427.0,17386.0,8041.0,20.0,28.1,12.3,,,
平成26年,10～19歳,536.0,2014,平成26年,25427.0,17386.0,8041.0,20.0,28.1,12.3,,,
平成26年,20～29歳,2684.0,2014,平成26年,25427.0,17386.0,8041.0,20.0,28.1,12.3,,,
平成26年,30～39歳,3413.0,2014,平成26年,25427.0,17386.0,8041.0,20.0,28.1,12.3,,,
平成26年,40～49歳,4234.0,2014,平成26年,25427.0,17386.0,8041.0,20.0,28.1,12.3,,,
平成26年,50～59歳,4181.0,2014,平成26年,25427.0,17386.0,8041.0,20.0,28.1,12.3,,,
平成26年,60～69歳,4325.0,2014,平成26年,25427.0,17386.0,8041.0,20.0,28.1,12.3,,,
平成26年,70～79歳,3508.0,2014,平成26年,25427.0,17386.0,8041.0,20.0,28.1,12.3,,,
平成26年,80歳以上,2457.0,2014,平成26年,25427.0,17386.0,8041.0,20.0,28.1,12.3,,,
平成26年,不詳,87.0,2014,平成26年,25427.0,17386.0,8041.0,20.0,28.1,12.3,,,
平成26年,合計,25427.0,2014,平成26年,25427.0,17386.0,8041.0,20.0,28.1,12.3,,,
平成27年,0～9歳,1.0,2015,平成27年,24025.0,16681.0,7344.0,18.9,27.0,11.3,平成27年,家庭問題,3641.0
平成27年,0～9歳,1.0,2015,平成27年,24025.0,16681.0,7344.0,18.9,27.0,11.3,平成27年,健康問題,12145.0
平成27年,0～9歳,1.0,2015,平成27年,24025.0,16681.0,7344.0,18.9,27.0,11.3,平成27年,経済・生活問題,4082.0
平成27年,0～9歳,1.0,2015,平成27年,24025.0,16681.0,7344.0,18.9,27.0,11.3,平成27年,勤務問題,2159.0
平成27年,0～9歳,1.0,2015,平成27年,24025.0,16681.0,7344.0,18.9,27.0,11.3,平成27年,交男際（女男問女）題問題,801.0
平成27年,0～9歳,1.0,2015,平成27年,24025.0,16681.0,7344.0,18.9,27.0,11.3,平成27年,学校問題,384.0
平成27年,0～9歳,1.0,2015,平成27年,24025.0,16681.0,7344.0,18.9,27.0,11.3,平成27年,その他,1342.0
平成27年,10～19歳,553.0,2015,平成27年,24025.0,16681.0,7344.0,18.9,27.0,11.3,平成27年,家庭問題,3641.0
平成27年,10～19歳,553.0,2015,平成27年,24025.0,16681.0,7344.0,18.9,27.0,11.3,平成27年,健康問題,12145.0
平成27年,10～19歳,553.0,2015,平成27年,24025.0,16681.0,7344.0,18.9,27.0,11.3,平成27年,経済・生活問題,4082.0
平成27年,10～19歳,553.0,2015,平成27年,24025.0,16681.0,7344.0,18.9,27.0,11.3,平成27年,勤務問題,2159.0
平成27年,10～19歳,553.0,2015,平成27年,24025.0,16681.0,7344.0,18.9,27.0,11.3,平成27年,交男際（女男問女）題問題,801.0
平成27年,10～19歳,553.0,2015,平成27年,24025.0,16681.0,7344.0,18.9,27.0,11.3,平成27年,学校問題,384.0
平成27年,10～19歳,553.0,2015,平成27年,24025.0,16681.0,7344.0,18.9,27.0,11.3,平成27年,その他,1342.0
平成27年,20～29歳,2352.0,2015,平成27年,24025.0,16681.0,7344.0,18.9,27.0,11.3,平成27年,家庭問題,3641.0
平成27年,20～29歳,2352.0,2015,平成27年,24025.0,16681.0,7344.0,18.9,27.0,11.3,平成27年,健康問題,12145.0
平成27年,20～29歳,2352.0,2015,平成27年,24025.0,16681.0,7344.0,18.9,27.0,11.3,平成27年,経済・生活問題,4082.0
平成27年,20～29歳,2352.0,2015,平成27年,24025.0,16681.0,7344.0,18.9,27.0,11.3,平成27年,勤務問題,2159.0
平成27年,20～29歳,2352.0,2015,平成27年,24025.0,16681.0,7344.0,18.9,27.0,11.3,平成27年,交男際（女男問女）題問題,801.0
平成27年,20～29歳,2352.0,2015,平成27年,24025.0,16681.0,7344.0,18.9,27.0,11.3,平成27年,学校問題,384.0
平成27年,20～29歳,2352.0,2015,平成27年,24025.0,16681.0,7344.0,18.9,27.0,11.3,平成27年,その他,1342.0
平成27年,30～39歳,3087.0,2015,平成27年,24025.0,16681.0,7344.0,18.9,27.0,11.3,平成27年,家庭問題,3641.0
平成27年,30～39歳,3087.0,2015,平成27年,24025.0,16681.0,7344.0,18.9,27.0,11.3,平成27年,健康問題,12145.0
平成27年,30～39歳,3087.0,2015,平成27年,24025.0,16681.0,7344.0,18.9,27.0,11.3,平成27年,経済・生活問題,4082.0
平成27年,30～39歳,3087.0,2015,平成27年,24025.0,16681.0,7344.0,18.9,27.0,11.3,平成27年,勤務問題,2159.0
平成27年,30～39歳,3087.0,2015,平成27年,24025.0,16681.0,7344.0,18.9,27.0,11.3,平成27年,交男際（女男問女）題問題,801.0
平成27年,30～39歳,3087.0,2015,平成27年,24025.0,16681.0,7344.0,18.9,27.0,11.3,平成27年,学校問題,384.0
平成27年,30～39歳,3087.0,2015,平成27年,24025.0,16681.0,7344.0,18.9,27.0,11.3,平成27年,その他,1342.0
平成27年,40～49歳,4069.0,2015,平成27年,24025.0,16681.0,7344.0,18.9,27.0,11.3,平成27年,家庭問題,3641.0
平成27年,40～49歳,4069.0,2015,平成27年,24025.0,16681.0,7344.0,18.9,27.0,11.3,平成27年,健康問題,12145.0
平成27年,40～49歳,4069.0,2015,平成27年,24025.0,16681.0,7344.0,18.9,27.0,11.3,平成27年,経済・生活問題,4082.0
平成27年,40～49歳,4069.0,2015,平成27年,24025.0,16681.0,7344.0,18.9,27.0,11.3,平成27年,勤務問題,2159.0
平成27年,40～49歳,4069.0,2015,平成27年,24025.0,16681.0,7344.0,18.9,27.0,11.3,平成27年,交男際（女男問女）題問題,801.0
平成27年,40～49歳,4069.0,2015,平成27年,24025.0,16681.0,7344.0,18.9,27.0,11.3,平成27年,学校問題,384.0
平成27年,40～49歳,4069.0,2015,平成27年,24025.0,16681.0,7344.0,18.9,27.0,11.3,平成27年,その他,1342.0
平成27年,50～59歳,3979.0,2015,平成27年,24025.0,16681.0,7344.0,18.9,27.0,11.3,平成27年,家庭問題,3641.0
平成27年,50～59歳,3979.0,2015,平成27年,24025.0,16681.0,7344.0,18.9,27.0,11.3,平成27年,健康問題,12145.0
平成27年,50～59歳,3979.0,2015,平成27年,24025.0,16681.0,7344.0,18.9,27.0,11.3,平成27年,経済・生活問題,4082.0
平成27年,50～59歳,3979.0,2015,平成27年,24025.0,16681.0,7344.0,18.9,27.0,11.3,平成27年,勤務問題,2159.0
平成27年,50～59歳,3979.0,2015,平成27年,24025.0,16681.0,7344.0,18.9,27.0,11.3,平成27年,交男際（女男問女）題問題,801.0
平成27年,50～59歳,3979.0,2015,平成27年,24025.0,16681.0,7344.0,18.9,27.0,11.3,平成27年,学校問題,384.0
平成27年,50～59歳,3979.0,2015,平成27年,24025.0,16681.0,7344.0,18.9,27.0,11.3,平成27年,その他,1342.0
平成27年,60～69歳,3973.0,2015,平成27年,24025.0,16681.0,7344.0,18.9,27.0,11.3,平成27年,家庭問題,3641.0
平成27年,60～69歳,3973.0,2015,平成27年,24025.0,16681.0,7344.0,18.9,27.0,11.3,平成27年,健康問題,12145.0
平成27年,60～69歳,3973.0,2015,平成27年,24025.0,16681.0,7344.0,18.9,27.0,11.3,平成27年,経済・生活問題,4082.0
平成27年,60～69歳,3973.0,2015,平成27年,24025.0,16681.0,7344.0,18.9,27.0,11.3,平成27年,勤務問題,2159.0
平成27年,60～69歳,3973.0,2015,平成27年,24025.0,16681.0,7344.0,18.9,27.0,11.3,平成27年,交男際（女男問女）題問題,801.0
平成27年,60～69歳,3973.0,2015,平成27年,24025.0,16681.0,7344.0,18.9,27.0,11.3,平成27年,学校問題,384.0
平成27年,60～69歳,3973.0,2015,平成27年,24025.0,16681.0,7344.0,18.9,27.0,11.3,平成27年,その他,1342.0
平成27年,70～79歳,3451.0,2015,平成27年,24025.0,16681.0,7344.0,18.9,27.0,11.3,平成27年,家庭問題,3641.0
平成27年,70～79歳,3451.0,2015,平成27年,24025.0,16681.0,7344.0,18.9,27.0,11.3,平成27年,健康問題,12145.0
平成27年,70～79歳,3451.0,2015,平成27年,24025.0,16681.0,7344.0,18.9,27.0,11.3,平成27年,経済・生活問題,4082.0
平成27年,70～79歳,3451.0,2015,平成27年,24025.0,16681.0,7344.0,18.9,27.0,11.3,平成27年,勤務問題,2159.0
平成27年,70～79歳,3451.0,2015,平成27年,24025.0,16681.0,7344.0,18.9,27.0,11.3,平成27年,交男際（女男問女）題問題,801.0
平成27年,70～79歳,3451.0,2015,平成27年,24025.0,16681.0,7344.0,18.9,27.0,11.3,平成27年,学校問題,384.0
平成27年,70～79歳,3451.0,2015,平成27年,24025.0,16681.0,7344.0,18.9,27.0,11.3,平成27年,その他,1342.0
平成27年,80歳以上,2459.0,2015,平成27年,24025.0,16681.0,7344.0,18.9,27.0,11.3,平成27年,家庭問題,3641.0
平成27年,80歳以上,2459.0,2015,平成27年,24025.0,16681.0,7344.0,18.9,27.0,11.3,平成27年,健康問題,12145.0
平成27年,80歳以上,2459.0,2015,平成27年,24025.0,16681.0,7344.0,18.9,27.0,11.3,平成27年,経済・生活問題,4082.0
平成27年,80歳以上,2459.0,2015,平成27年,24025.0,16681.0,7344.0,18.9,27.0,11.3,平成27年,勤務問題,2159.0
平成27年,80歳以上,2459.0,2015,平成27年,24025.0,16681.0,7344.0,18.9,27.0,11.3,平成27年,交男際（女男問女）題問題,801.0
平成27年,80歳以上,2459.0,2015,平成27年,24025.0,16681.0,7344.0,18.9,27.0,11.3,平成27年,学校問題,384.0
平成27年,80歳以上,2459.0,2015,平成27年,24025.0,16681.0,7344.0,18.9,27.0,11.3,平成27年,その他,1342.0
平成27年,不詳,101.0,2015,平成27年,24025.0,16681.0,7344.0,18.9,27.0,11.3,平成27年,家庭問題,3641.0
平成27年,不詳,101.0,2015,平成27年,24025.0,16681.0,7344.0,18.9,27.0,11.3,平成27年,健康問題,12145.0
平成27年,不詳,101.0,2015,平成27年,24025.0,16681.0,7344.0,18.9,27.0,11.3,平成27年,経済・生活問題,4082.0
平成27年,不詳,101.0,2015,平成27年,24025.0,16681.0,7344.0,18.9,27.0,11.3,平成27年,勤務問題,2159.0
平成27年,不詳,101.0,2015,平成27年,24025.0,16681.0,7344.0,18.9,27.0,11.3,平成27年,交男際（女男問女）題問題,801.0
平成27年,不詳,101.0,2015,平成27年,24025.0,16681.0,7344.0,18.9,27.0,11.3,平成27年,学校問題,384.0
平成27年,不詳,101.0,2015,平成27年,24025.0,16681.0,7344.0,18.9,27.0,11.3,平成27年,その他,1342.0
平成27年,合計,24025.0,2015,平成27年,24025.0,16681.0,7344.0,18.9,27.0,11.3,平成27年,家庭問題,3641.0
平成27年,合計,24025.0,2015,平成27年,24025.0,16681.0,7344.0,18.9,27.0,11.3,平成27年,健康問題,12145.0
平成27年,合計,24025.0,2015,平成27年,24025.0,16681.0,7344.0,18.9,27.0,11.3,平成27年,経済・生活問題,4082.0
平成27年,合計,24025.0,2015,平成27年,24025.0,16681.0,7344.0,18.9,27.0,11.3,平成27年,勤務問題,2159.0
平成27年,合計,24025.0,2015,平成27年,24025.0,16681.0,7344.0,18.9,27.0,11.3,平成27年,交男際（女男問女）題問題,801.0
平成27年,合計,24025.0,2015,平成27年,24025.0,16681.0,7344.0,18.9,27.0,11.3,平成27年,学校問題,384.0
平成27年,合計,24025.0,2015,平成27年,24025.0,16681.0,7344.0,18.9,27.0,11.3,平成27年,その他,1342.0
平成28年,0～9歳,1.0,2016,平成28年,21897.0,15121.0,6776.0,17.2,24.5,10.4,平成28年,家庭問題,3337.0
平成28年,0～9歳,1.0,2016,平成28年,21897.0,15121.0,6776.0,17.2,24.5,10.4,平成28年,健康問題,11014.0
平成28年,0～9歳,1.0,2016,平成28年,21897.0,15121.0,6776.0,17.2,24.5,10.4,平成28年,経済・生活問題,3522.0
平成28年,0～9歳,1.0,2016,平成28年,21897.0,15121.0,6776.0,17.2,24.5,10.4,平成28年,勤務問題,1978.0
平成28年,0～9歳,1.0,2016,平成28年,21897.0,15121.0,6776.0,17.2,24.5,10.4,平成28年,交男際（女男問女）題問題,764.0
平成28年,0～9歳,1.0,2016,平成28年,21897.0,15121.0,6776.0,17.2,24.5,10.4,平成28年,学校問題,319.0
平成28年,0～9歳,1.0,2016,平成28年,21897.0,15121.0,6776.0,17.2,24.5,10.4,平成28年,その他,1148.0
平成28年,10～19歳,519.0,2016,平成28年,21897.0,15121.0,6776.0,17.2,24.5,10.4,平成28年,家庭問題,3337.0
平成28年,10～19歳,519.0,2016,平成28年,21897.0,15121.0,6776.0,17.2,24.5,10.4,平成28年,健康問題,11014.0
平成28年,10～19歳,519.0,2016,平成28年,21897.0,15121.0,6776.0,17.2,24.5,10.4,平成28年,経済・生活問題,3522.0
平成28年,10～19歳,519.0,2016,平成28年,21897.0,15121.0,6776.0,17.2,24.5,10.4,平成28年,勤務問題,1978.0
平成28年,10～19歳,519.0,2016,平成28年,21897.0,15121.0,6776.0,17.2,24.5,10.4,平成28年,交男際（女男問女）題問題,764.0
平成28年,10～19歳,519.0,2016,平成28年,21897.0,15121.0,6776.0,17.2,24.5,10.4,平成28年,学校問題,319.0
平成28年,10～19歳,519.0,2016,平成28年,21897.0,15121.0,6776.0,17.2,24.5,10.4,平成28年,その他,1148.0
平成28年,20～29歳,2235.0,2016,平成28年,21897.0,15121.0,6776.0,17.2,24.5,10.4,平成28年,家庭問題,3337.0
平成28年,20～29歳,2235.0,2016,平成28年,21897.0,15121.0,6776.0,17.2,24.5,10.4,平成28年,健康問題,11014.0
平成28年,20～29歳,2235.0,2016,平成28年,21897.0,15121.0,6776.0,17.2,24.5,10.4,平成28年,経済・生活問題,3522.0
平成28年,20～29歳,2235.0,2016,平成28年,21897.0,15121.0,6776.0,17.2,24.5,10.4,平成28年,勤務問題,1978.0
平成28年,20～29歳,2235.0,2016,平成28年,21897.0,15121.0,6776.0,17.2,24.5,10.4,平成28年,交男際（女男問女）題問題,764.0
平成28年,20～29歳,2235.0,2016,平成28年,21897.0,15121.0,6776.0,17.2,24.5,10.4,平成28年,学校問題,319.0
平成28年,20～29歳,2235.0,2016,平成28年,21897.0,15121.0,6776.0,17.2,24.5,10.4,平成28年,その他,1148.0
平成28年,30～39歳,2824.0,2016,平成28年,21897.0,15121.0,6776.0,17.2,24.5,10.4,平成28年,家庭問題,3337.0
平成28年,30～39歳,2824.0,2016,平成28年,21897.0,15121.0,6776.0,17.2,24.5,10.4,平成28年,健康問題,11014.0
平成28年,30～39歳,2824.0,2016,平成28年,21897.0,15121.0,6776.0,17.2,24.5,10.4,平成28年,経済・生活問題,3522.0
平成28年,30～39歳,2824.0,2016,平成28年,21897.0,15121.0,6776.0,17.2,24.5,10.4,平成28年,勤務問題,1978.0
平成28年,30～39歳,2824.0,2016,平成28年,21897.0,15121.0,6776.0,17.2,24.5,10.4,平成28年,交男際（女男問女）題問題,764.0
平成28年,30～39歳,2824.0,2016,平成28年,21897.0,15121.0,6776.0,17.2,24.5,10.4,平成28年,学校問題,319.0
平成28年,30～39歳,2824.0,2016,平成28年,21897.0,15121.0,6776.0,17.2,24.5,10.4,平成28年,その他,1148.0
平成28年,40～49歳,3739.0,2016,平成28年,21897.0,15121.0,6776.0,17.2,24.5,10.4,平成28年,家庭問題,3337.0
平成28年,40～49歳,3739.0,2016,平成28年,21897.0,15121.0,6776.0,17.2,24.5,10.4,平成28年,健康問題,11014.0
平成28年,40～49歳,3739.0,2016,平成28年,21897.0,15121.0,6776.0,17.2,24.5,10.4,平成28年,経済・生活問題,3522.0
平成28年,40～49歳,3739.0,2016,平成28年,21897.0,15121.0,6776.0,17.2,24.5,10.4,平成28年,勤務問題,1978.0
平成28年,40～49歳,3739.0,2016,平成28年,21897.0,15121.0,6776.0,17.2,24.5,10.4,平成28年,交男際（女男問女）題問題,764.0
平成28年,40～49歳,3739.0,2016,平成28年,21897.0,15121.0,6776.0,17.2,24.5,10.4,平成28年,学校問題,319.0
平成28年,40～49歳,3739.0,2016,平成28年,21897.0,15121.0,6776.0,17.2,24.5,10.4,平成28年,その他,1148.0
平成28年,50～59歳,3631.0,2016,平成28年,21897.0,15121.0,6776.0,17.2,24.5,10.4,平成28年,家庭問題,3337.0
平成28年,50～59歳,3631.0,2016,平成28年,21897.0,15121.0,6776.0,17.2,24.5,10.4,平成28年,健康問題,11014.0
平成28年,50～59歳,3631.0,2016,平成28年,21897.0,15121.0,6776.0,17.2,24.5,10.4,平成28年,経済・生活問題,3522.0
平成28年,50～59歳,3631.0,2016,平成28年,21897.0,15121.0,6776.0,17.2,24.5,10.4,平成28年,勤務問題,1978.0
平成28年,50～59歳,3631.0,2016,平成28年,21897.0,15121.0,6776.0,17.2,24.5,10.4,平成28年,交男際（女男問女）題問題,764.0
平成28年,50～59歳,3631.0,2016,平成28年,21897.0,15121.0,6776.0,17.2,24.5,10.4,平成28年,学校問題,319.0
平成28年,50～59歳,3631.0,2016,平成28年,21897.0,15121.0,6776.0,17.2,24.5,10.4,平成28年,その他,1148.0
平成28年,60～69歳,3626.0,2016,平成28年,21897.0,15121.0,6776.0,17.2,24.5,10.4,平成28年,家庭問題,3337.0
平成28年,60～69歳,3626.0,2016,平成28年,21897.0,15121.0,6776.0,17.2,24.5,10.4,平成28年,健康問題,11014.0
平成28年,60～69歳,3626.0,2016,平成28年,21897.0,15121.0,6776.0,17.2,24.5,10.4,平成28年,経済・生活問題,3522.0
平成28年,60～69歳,3626.0,2016,平成28年,21897.0,15121.0,6776.0,17.2,24.5,10.4,平成28年,勤務問題,1978.0
平成28年,60～69歳,3626.0,2016,平成28年,21897.0,15121.0,6776.0,17.2,24.5,10.4,平成28年,交男際（女男問女）題問題,764.0
平成28年,60～69歳,3626.0,2016,平成28年,21897.0,15121.0,6776.0,17.2,24.5,10.4,平成28年,学校問題,319.0
平成28年,60～69歳,3626.0,2016,平成28年,21897.0,15121.0,6776.0,17.2,24.5,10.4,平成28年,その他,1148.0
平成28年,70～79歳,2983.0,2016,平成28年,21897.0,15121.0,6776.0,17.2,24.5,10.4,平成28年,家庭問題,3337.0
平成28年,70～79歳,2983.0,2016,平成28年,21897.0,15121.0,6776.0,17.2,24.5,10.4,平成28年,健康問題,11014.0
平成28年,70～79歳,2983.0,2016,平成28年,21897.0,15121.0,6776.0,17.2,24.5,10.4,平成28年,経済・生活問題,3522.0
平成28年,70～79歳,2983.0,2016,平成28年,21897.0,15121.0,6776.0,17.2,24.5,10.4,平成28年,勤務問題,1978.0
平成28年,70～79歳,2983.0,2016,平成28年,21897.0,15121.0,6776.0,17.2,24.5,10.4,平成28年,交男際（女男問女）題問題,764.0
平成28年,70～79歳,2983.0,2016,平成28年,21897.0,15121.0,6776.0,17.2,24.5,10.4,平成28年,学校問題,319.0
平成28年,70～79歳,2983.0,2016,平成28年,21897.0,15121.0,6776.0,17.2,24.5,10.4,平成28年,その他,1148.0
平成28年,80歳以上,2262.0,2016,平成28年,21897.0,15121.0,6776.0,17.2,24.5,10.4,平成28年,家庭問題,3337.0
平成28年,80歳以上,2262.0,2016,平成28年,21897.0,15121.0,6776.0,17.2,24.5,10.4,平成28年,健康問題,11014.0
平成28年,80歳以上,2262.0,2016,平成28年,21897.0,15121.0,6776.0,17.2,24.5,10.4,平成28年,経済・生活問題,3522.0
平成28年,80歳以上,2262.0,2016,平成28年,21897.0,15121.0,6776.0,17.2,24.5,10.4,平成28年,勤務問題,1978.0
平成28年,80歳以上,2262.0,2016,平成28年,21897.0,15121.0,6776.0,17.2,24.5,10.4,平成28年,交男際（女男問女）題問題,764.0
平成28年,80歳以上,2262.0,2016,平成28年,21897.0,15121.0,6776.0,17.2,24.5,10.4,平成28年,学校問題,319.0
平成28年,80歳以上,2262.0,2016,平成28年,21897.0,15121.0,6776.0,17.2,24.5,10.4,平成28年,その他,1148.0
平成28年,不詳,77.0,2016,平成28年,21897.0,15121.0,6776.0,17.2,24.5,10.4,平成28年,家庭問題,3337.0
平成28年,不詳,77.0,2016,平成28年,21897.0,15121.0,6776.0,17.2,24.5,10.4,平成28年,健康問題,11014.0
平成28年,不詳,77.0,2016,平成28年,21897.0,15121.0,6776.0,17.2,24.5,10.4,平成28年,経済・生活問題,3522.0
平成28年,不詳,77.0,2016,平成28年,21897.0,15121.0,6776.0,17.2,24.5,10.4,平成28年,勤務問題,1978.0
平成28年,不詳,77.0,2016,平成28年,21897.0,15121.0,6776.0,17.2,24.5,10.4,平成28年,交男際（女男問女）題問題,764.0
平成28年,不詳,77.0,2016,平成28年,21897.0,15121.0,6776.0,17.2,24.5,10.4,平成28年,学校問題,319.0
平成28年,不詳,77.0,2016,平成28年,21897.0,15121.0,6776.0,17.2,24.5,10.4,平成28年,その他,1148.0
平成28年,合計,21897.0,2016,平成28年,21897.0,15121.0,6776.0,17.2,24.5,10.4,平成28年,家庭問題,3337.0
平成28年,合計,21897.0,2016,平成28年,21897.0,15121.0,6776.0,17.2,24.5,10.4,平成28年,健康問題,11014.0
平成28年,合計,21897.0,2016,平成28年,21897.0,15121.0,6776.0,17.2,24.5,10.4,平成28年,経済・生活問題,3522.0
平成28年,合計,21897.0,2016,平成28年,21897.0,15121.0,6776.0,17.2,24.5,10.4,平成28年,勤務問題,1978.0
平成28年,合計,21897.0,2016,平成28年,21897.0,15121.0,6776.0,17.2,24.5,10.4,平成28年,交男際（女男問女）題問題,764.0
平成28年,合計,21897.0,2016,平成28年,21897.0,15121.0,6776.0,17.2,24.5,10.4,平成28年,学校問題,319.0
平成28年,合計,21897.0,2016,平成28年,21897.0,15121.0,6776.0,17.2,24.5,10.4,平成28年,その他,1148.0
平成29年,0～9歳,0.0,2017,平成29年,21321.0,14826.0,6495.0,16.8,24.0,10.0,平成29年,家庭問題,3179.0
平成29年,0～9歳,0.0,2017,平成29年,21321.0,14826.0,6495.0,16.8,24.0,10.0,平成29年,健康問題,10778.0
平成29年,0～9歳,0.0,2017,平成29年,21321.0,14826.0,6495.0,16.8,24.0,10.0,平成29年,経済・生活問題,3464.0
平成29年,0～9歳,0.0,2017,平成29年,21321.0,14826.0,6495.0,16.8,24.0,10.0,平成29年,勤務問題,1991.0
平成29年,0～9歳,0.0,2017,平成29年,21321.0,14826.0,6495.0,16.8,24.0,10.0,平成29年,交男際（女男問女）題問題,768.0
平成29年,0～9歳,0.0,2017,平成29年,21321.0,14826.0,6495.0,16.8,24.0,10.0,平成29年,学校問題,329.0
平成29年,0～9歳,0.0,2017,平成29年,21321.0,14826.0,6495.0,16.8,24.0,10.0,平成29年,その他,1172.0
平成29年,10～19歳,567.0,2017,平成29年,21321.0,14826.0,6495.0,16.8,24.0,10.0,平成29年,家庭問題,3179.0
平成29年,10～19歳,567.0,2017,平成29年,21321.0,14826.0,6495.0,16.8,24.0,10.0,平成29年,健康問題,10778.0
平成29年,10～19歳,567.0,2017,平成29年,21321.0,14826.0,6495.0,16.8,24.0,10.0,平成29年,経済・生活問題,3464.0
平成29年,10～19歳,567.0,2017,平成29年,21321.0,14826.0,6495.0,16.8,24.0,10.0,平成29年,勤務問題,1991.0
平成29年,10～19歳,567.0,2017,平成29年,21321.0,14826.0,6495.0,16.8,24.0,10.0,平成29年,交男際（女男問女）題問題,768.0
平成29年,10～19歳,567.0,2017,平成29年,21321.0,14826.0,6495.0,16.8,24.0,10.0,平成29年,学校問題,329.0
平成29年,10～19歳,567.0,2017,平成29年,21321.0,14826.0,6495.0,16.8,24.0,10.0,平成29年,その他,1172.0
平成29年,20～29歳,2213.0,2017,平成29年,21321.0,14826.0,6495.0,16.8,24.0,10.0,平成29年,家庭問題,3179.0
平成29年,20～29歳,2213.0,2017,平成29年,21321.0,14826.0,6495.0,16.8,24.0,10.0,平成29年,健康問題,10778.0
平成29年,20～29歳,2213.0,2017,平成29年,21321.0,14826.0,6495.0,16.8,24.0,10.0,平成29年,経済・生活問題,3464.0
平成29年,20～29歳,2213.0,2017,平成29年,21321.0,14826.0,6495.0,16.8,24.0,10.0,平成29年,勤務問題,1991.0
平成29年,20～29歳,2213.0,2017,平成29年,21321.0,14826.0,6495.0,16.8,24.0,10.0,平成29年,交男際（女男問女）題問題,768.0
平成29年,20～29歳,2213.0,2017,平成29年,21321.0,14826.0,6495.0,16.8,24.0,10.0,平成29年,学校問題,329.0
平成29年,20～29歳,2213.0,2017,平成29年,21321.0,14826.0,6495.0,16.8,24.0,10.0,平成29年,その他,1172.0
平成29年,30～39歳,2703.0,2017,平成29年,21321.0,14826.0,6495.0,16.8,24.0,10.0,平成29年,家庭問題,3179.0
平成29年,30～39歳,2703.0,2017,平成29年,21321.0,14826.0,6495.0,16.8,24.0,10.0,平成29年,健康問題,10778.0
平成29年,30～39歳,2703.0,2017,平成29年,21321.0,14826.0,6495.0,16.8,24.0,10.0,平成29年,経済・生活問題,3464.0
平成29年,30～39歳,2703.0,2017,平成29年,21321.0,14826.0,6495.0,16.8,24.0,10.0,平成29年,勤務問題,1991.0
平成29年,30～39歳,2703.0,2017,平成29年,21321.0,14826.0,6495.0,16.8,24.0,10.0,平成29年,交男際（女男問女）題問題,768.0
平成29年,30～39歳,2703.0,2017,平成29年,21321.0,14826.0,6495.0,16.8,24.0,10.0,平成29年,学校問題,329.0
平成29年,30～39歳,2703.0,2017,平成29年,21321.0,14826.0,6495.0,16.8,24.0,10.0,平成29年,その他,1172.0
平成29年,40～49歳,3668.0,2017,平成29年,21321.0,14826.0,6495.0,16.8,24.0,10.0,平成29年,家庭問題,3179.0
平成29年,40～49歳,3668.0,2017,平成29年,21321.0,14826.0,6495.0,16.8,24.0,10.0,平成29年,健康問題,10778.0
平成29年,40～49歳,3668.0,2017,平成29年,21321.0,14826.0,6495.0,16.8,24.0,10.0,平成29年,経済・生活問題,3464.0
平成29年,40～49歳,3668.0,2017,平成29年,21321.0,14826.0,6495.0,16.8,24.0,10.0,平成29年,勤務問題,1991.0
平成29年,40～49歳,3668.0,2017,平成29年,21321.0,14826.0,6495.0,16.8,24.0,10.0,平成29年,交男際（女男問女）題問題,768.0
平成29年,40～49歳,3668.0,2017,平成29年,21321.0,14826.0,6495.0,16.8,24.0,10.0,平成29年,学校問題,329.0
平成29年,40～49歳,3668.0,2017,平成29年,21321.0,14826.0,6495.0,16.8,24.0,10.0,平成29年,その他,1172.0
平成29年,50～59歳,3593.0,2017,平成29年,21321.0,14826.0,6495.0,16.8,24.0,10.0,平成29年,家庭問題,3179.0
平成29年,50～59歳,3593.0,2017,平成29年,21321.0,14826.0,6495.0,16.8,24.0,10.0,平成29年,健康問題,10778.0
平成29年,50～59歳,3593.0,2017,平成29年,21321.0,14826.0,6495.0,16.8,24.0,10.0,平成29年,経済・生活問題,3464.0
平成29年,50～59歳,3593.0,2017,平成29年,21321.0,14826.0,6495.0,16.8,24.0,10.0,平成29年,勤務問題,1991.0
平成29年,50～59歳,3593.0,2017,平成29年,21321.0,14826.0,6495.0,16.8,24.0,10.0,平成29年,交男際（女男問女）題問題,768.0
平成29年,50～59歳,3593.0,2017,平成29年,21321.0,14826.0,6495.0,16.8,24.0,10.0,平成29年,学校問題,329.0
平成29年,50～59歳,3593.0,2017,平成29年,21321.0,14826.0,6495.0,16.8,24.0,10.0,平成29年,その他,1172.0
平成29年,60～69歳,3339.0,2017,平成29年,21321.0,14826.0,6495.0,16.8,24.0,10.0,平成29年,家庭問題,3179.0
平成29年,60～69歳,3339.0,2017,平成29年,21321.0,14826.0,6495.0,16.8,24.0,10.0,平成29年,健康問題,10778.0
平成29年,60～69歳,3339.0,2017,平成29年,21321.0,14826.0,6495.0,16.8,24.0,10.0,平成29年,経済・生活問題,3464.0
平成29年,60～69歳,3339.0,2017,平成29年,21321.0,14826.0,6495.0,16.8,24.0,10.0,平成29年,勤務問題,1991.0
平成29年,60～69歳,3339.0,2017,平成29年,21321.0,14826.0,6495.0,16.8,24.0,10.0,平成29年,交男際（女男問女）題問題,768.0
平成29年,60～69歳,3339.0,2017,平成29年,21321.0,14826.0,6495.0,16.8,24.0,10.0,平成29年,学校問題,329.0
平成29年,60～69歳,3339.0,2017,平成29年,21321.0,14826.0,6495.0,16.8,24.0,10.0,平成29年,その他,1172.0
平成29年,70～79歳,2926.0,2017,平成29年,21321.0,14826.0,6495.0,16.8,24.0,10.0,平成29年,家庭問題,3179.0
平成29年,70～79歳,2926.0,2017,平成29年,21321.0,14826.0,6495.0,16.8,24.0,10.0,平成29年,健康問題,10778.0
平成29年,70～79歳,2926.0,2017,平成29年,21321.0,14826.0,6495.0,16.8,24.0,10.0,平成29年,経済・生活問題,3464.0
平成29年,70～79歳,2926.0,2017,平成29年,21321.0,14826.0,6495.0,16.8,24.0,10.0,平成29年,勤務問題,1991.0
平成29年,70～79歳,2926.0,2017,平成29年,21321.0,14826.0,6495.0,16.8,24.0,10.0,平成29年,交男際（女男問女）題問題,768.0
平成29年,70～79歳,2926.0,2017,平成29年,21321.0,14826.0,6495.0,16.8,24.0,10.0,平成29年,学校問題,329.0
平成29年,70～79歳,2926.0,2017,平成29年,21321.0,14826.0,6495.0,16.8,24.0,10.0,平成29年,その他,1172.0
平成29年,80歳以上,2256.0,2017,平成29年,21321.0,14826.0,6495.0,16.8,24.0,10.0,平成29年,家庭問題,3179.0
平成29年,80歳以上,2256.0,2017,平成29年,21321.0,14826.0,6495.0,16.8,24.0,10.0,平成29年,健康問題,10778.0
平成29年,80歳以上,2256.0,2017,平成29年,21321.0,14826.0,6495.0,16.8,24.0,10.0,平成29年,経済・生活問題,3464.0
平成29年,80歳以上,2256.0,2017,平成29年,21321.0,14826.0,6495.0,16.8,24.0,10.0,平成29年,勤務問題,1991.0
平成29年,80歳以上,2256.0,2017,平成29年,21321.0,14826.0,6495.0,16.8,24.0,10.0,平成29年,交男際（女男問女）題問題,768.0
平成29年,80歳以上,2256.0,2017,平成29年,21321.0,14826.0,6495.0,16.8,24.0,10.0,平成29年,学校問題,329.0
平成29年,80歳以上,2256.0,2017,平成29年,21321.0,14826.0,6495.0,16.8,24.0,10.0,平成29年,その他,1172.0
平成29年,不詳,56.0,2017,平成29年,21321.0,14826.0,6495.0,16.8,24.0,10.0,平成29年,家庭問題,3179.0
平成29年,不詳,56.0,2017,平成29年,21321.0,14826.0,6495.0,16.8,24.0,10.0,平成29年,健康問題,10778.0
平成29年,不詳,56.0,2017,平成29年,21321.0,14826.0,6495.0,16.8,24.0,10.0,平成29年,経済・生活問題,3464.0
平成29年,不詳,56.0,2017,平成29年,21321.0,14826.0,6495.0,16.8,24.0,10.0,平成29年,勤務問題,1991.0
平成29年,不詳,56.0,2017,平成29年,21321.0,14826.0,6495.0,16.8,24.0,10.0,平成29年,交男際（女男問女）題問題,768.0
平成29年,不詳,56.0,2017,平成29年,21321.0,14826.0,6495.0,16.8,24.0,10.0,平成29年,学校問題,329.0
平成29年,不詳,56.0,2017,平成29年,21321.0,14826.0,6495.0,16.8,24.0,10.0,平成29年,その他,1172.0
平成29年,合計,21321.0,2017,平成29年,21321.0,14826.0,6495.0,16.8,24.0,10.0,平成29年,家庭問題,3179.0
平成29年,合計,21321.0,2017,平成29年,21321.0,14826.0,6495.0,16.8,24.0,10.0,平成29年,健康問題,10778.0
平成29年,合計,21321.0,2017,平成29年,21321.0,14826.0,6495.0,16.8,24.0,10.0,平成29年,経済・生活問題,3464.0
平成29年,合計,21321.0,2017,平成29年,21321.0,14826.0,6495.0,16.8,24.0,10.0,平成29年,勤務問題,1991.0
平成29年,合計,21321.0,2017,平成29年,21321.0,14826.0,6495.0,16.8,24.0,10.0,平成29年,交男際（女男問女）題問題,768.0
平成29年,合計,21321.0,2017,平成29年,21321.0,14826.0,6495.0,16.8,24.0,10.0,平成29年,学校問題,329.0
平成29年,合計,21321.0,2017,平成29年,21321.0,14826.0,6495.0,16.8,24.0,10.0,平成29年,その他,1172.0
平成30年,0～9歳,0.0,2018,平成30年,20840.0,14290.0,6550.0,16.4,23.2,10.1,平成30年,家庭問題,3147.0
平成30年,0～9歳,0.0,2018,平成30年,20840.0,14290.0,6550.0,16.4,23.2,10.1,平成30年,健康問題,10423.0
平成30年,0～9歳,0.0,2018,平成30年,20840.0,14290.0,6550.0,16.4,23.2,10.1,平成30年,経済・生活問題,3432.0
平成30年,0～9歳,0.0,2018,平成30年,20840.0,14290.0,6550.0,16.4,23.2,10.1,平成30年,勤務問題,2018.0
平成30年,0～9歳,0.0,2018,平成30年,20840.0,14290.0,6550.0,16.4,23.2,10.1,平成30年,交男際（女男問女）題問題,715.0
平成30年,0～9歳,0.0,2018,平成30年,20840.0,14290.0,6550.0,16.4,23.2,10.1,平成30年,学校問題,354.0
平成30年,0～9歳,0.0,2018,平成30年,20840.0,14290.0,6550.0,16.4,23.2,10.1,平成30年,その他,1081.0
平成30年,10～19歳,599.0,2018,平成30年,20840.0,14290.0,6550.0,16.4,23.2,10.1,平成30年,家庭問題,3147.0
平成30年,10～19歳,599.0,2018,平成30年,20840.0,14290.0,6550.0,16.4,23.2,10.1,平成30年,健康問題,10423.0
平成30年,10～19歳,599.0,2018,平成30年,20840.0,14290.0,6550.0,16.4,23.2,10.1,平成30年,経済・生活問題,3432.0
平成30年,10～19歳,599.0,2018,平成30年,20840.0,14290.0,6550.0,16.4,23.2,10.1,平成30年,勤務問題,2018.0
平成30年,10～19歳,599.0,2018,平成30年,20840.0,14290.0,6550.0,16.4,23.2,10.1,平成30年,交男際（女男問女）題問題,715.0
平成30年,10～19歳,599.0,2018,平成30年,20840.0,14290.0,6550.0,16.4,23.2,10.1,平成30年,学校問題,354.0
平成30年,10～19歳,599.0,2018,平成30年,20840.0,14290.0,6550.0,16.4,23.2,10.1,平成30年,その他,1081.0
平成30年,20～29歳,2152.0,2018,平成30年,20840.0,14290.0,6550.0,16.4,23.2,10.1,平成30年,家庭問題,3147.0
平成30年,20～29歳,2152.0,2018,平成30年,20840.0,14290.0,6550.0,16.4,23.2,10.1,平成30年,健康問題,10423.0
平成30年,20～29歳,2152.0,2018,平成30年,20840.0,14290.0,6550.0,16.4,23.2,10.1,平成30年,経済・生活問題,3432.0
平成30年,20～29歳,2152.0,2018,平成30年,20840.0,14290.0,6550.0,16.4,23.2,10.1,平成30年,勤務問題,2018.0
平成30年,20～29歳,2152.0,2018,平成30年,20840.0,14290.0,6550.0,16.4,23.2,10.1,平成30年,交男際（女男問女）題問題,715.0
平成30年,20～29歳,2152.0,2018,平成30年,20840.0,14290.0,6550.0,16.4,23.2,10.1,平成30年,学校問題,354.0
平成30年,20～29歳,2152.0,2018,平成30年,20840.0,14290.0,6550.0,16.4,23.2,10.1,平成30年,その他,1081.0
平成30年,30～39歳,2597.0,2018,平成30年,20840.0,14290.0,6550.0,16.4,23.2,10.1,平成30年,家庭問題,3147.0
平成30年,30～39歳,2597.0,2018,平成30年,20840.0,14290.0,6550.0,16.4,23.2,10.1,平成30年,健康問題,10423.0
平成30年,30～39歳,2597.0,2018,平成30年,20840.0,14290.0,6550.0,16.4,23.2,10.1,平成30年,経済・生活問題,3432.0
平成30年,30～39歳,2597.0,2018,平成30年,20840.0,14290.0,6550.0,16.4,23.2,10.1,平成30年,勤務問題,2018.0
平成30年,30～39歳,2597.0,2018,平成30年,20840.0,14290.0,6550.0,16.4,23.2,10.1,平成30年,交男際（女男問女）題問題,715.0
平成30年,30～39歳,2597.0,2018,平成30年,20840.0,14290.0,6550.0,16.4,23.2,10.1,平成30年,学校問題,354.0
平成30年,30～39歳,2597.0,2018,平成30年,20840.0,14290.0,6550.0,16.4,23.2,10.1,平成30年,その他,1081.0
平成30年,40～49歳,3498.0,2018,平成30年,20840.0,14290.0,6550.0,16.4,23.2,10.1,平成30年,家庭問題,3147.0
平成30年,40～49歳,3498.0,2018,平成30年,20840.0,14290.0,6550.0,16.4,23.2,10.1,平成30年,健康問題,10423.0
平成30年,40～49歳,3498.0,2018,平成30年,20840.0,14290.0,6550.0,16.4,23.2,10.1,平成30年,経済・生活問題,3432.0
平成30年,40～49歳,3498.0,2018,平成30年,20840.0,14290.0,6550.0,16.4,23.2,10.1,平成30年,勤務問題,2018.0
平成30年,40～49歳,3498.0,2018,平成30年,20840.0,14290.0,6550.0,16.4,23.2,10.1,平成30年,交男際（女男問女）題問題,715.0
平成30年,40～49歳,3498.0,2018,平成30年,20840.0,14290.0,6550.0,16.4,23.2,10.1,平成30年,学校問題,354.0
平成30年,40～49歳,3498.0,2018,平成30年,20840.0,14290.0,6550.0,16.4,23.2,10.1,平成30年,その他,1081.0
平成30年,50～59歳,3575.0,2018,平成30年,20840.0,14290.0,6550.0,16.4,23.2,10.1,平成30年,家庭問題,3147.0
平成30年,50～59歳,3575.0,2018,平成30年,20840.0,14290.0,6550.0,16.4,23.2,10.1,平成30年,健康問題,10423.0
平成30年,50～59歳,3575.0,2018,平成30年,20840.0,14290.0,6550.0,16.4,23.2,10.1,平成30年,経済・生活問題,3432.0
平成30年,50～59歳,3575.0,2018,平成30年,20840.0,14290.0,6550.0,16.4,23.2,10.1,平成30年,勤務問題,2018.0
平成30年,50～59歳,3575.0,2018,平成30年,20840.0,14290.0,6550.0,16.4,23.2,10.1,平成30年,交男際（女男問女）題問題,715.0
平成30年,50～59歳,3575.0,2018,平成30年,20840.0,14290.0,6550.0,16.4,23.2,10.1,平成30年,学校問題,354.0
平成30年,50～59歳,3575.0,2018,平成30年,20840.0,14290.0,6550.0,16.4,23.2,10.1,平成30年,その他,1081.0
平成30年,60～69歳,3079.0,2018,平成30年,20840.0,14290.0,6550.0,16.4,23.2,10.1,平成30年,家庭問題,3147.0
平成30年,60～69歳,3079.0,2018,平成30年,20840.0,14290.0,6550.0,16.4,23.2,10.1,平成30年,健康問題,10423.0
平成30年,60～69歳,3079.0,2018,平成30年,20840.0,14290.0,6550.0,16.4,23.2,10.1,平成30年,経済・生活問題,3432.0
平成30年,60～69歳,3079.0,2018,平成30年,20840.0,14290.0,6550.0,16.4,23.2,10.1,平成30年,勤務問題,2018.0
平成30年,60～69歳,3079.0,2018,平成30年,20840.0,14290.0,6550.0,16.4,23.2,10.1,平成30年,交男際（女男問女）題問題,715.0
平成30年,60～69歳,3079.0,2018,平成30年,20840.0,14290.0,6550.0,16.4,23.2,10.1,平成30年,学校問題,354.0
平成30年,60～69歳,3079.0,2018,平成30年,20840.0,14290.0,6550.0,16.4,23.2,10.1,平成30年,その他,1081.0
平成30年,70～79歳,2998.0,2018,平成30年,20840.0,14290.0,6550.0,16.4,23.2,10.1,平成30年,家庭問題,3147.0
平成30年,70～79歳,2998.0,2018,平成30年,20840.0,14290.0,6550.0,16.4,23.2,10.1,平成30年,健康問題,10423.0
平成30年,70～79歳,2998.0,2018,平成30年,20840.0,14290.0,6550.0,16.4,23.2,10.1,平成30年,経済・生活問題,3432.0
平成30年,70～79歳,2998.0,2018,平成30年,20840.0,14290.0,6550.0,16.4,23.2,10.1,平成30年,勤務問題,2018.0
平成30年,70～79歳,2998.0,2018,平成30年,20840.0,14290.0,6550.0,16.4,23.2,10.1,平成30年,交男際（女男問女）題問題,715.0
平成30年,70～79歳,2998.0,2018,平成30年,20840.0,14290.0,6550.0,16.4,23.2,10.1,平成30年,学校問題,354.0
平成30年,70～79歳,2998.0,2018,平成30年,20840.0,14290.0,6550.0,16.4,23.2,10.1,平成30年,その他,1081.0
平成30年,80歳以上,2290.0,2018,平成30年,20840.0,14290.0,6550.0,16.4,23.2,10.1,平成30年,家庭問題,3147.0
平成30年,80歳以上,2290.0,2018,平成30年,20840.0,14290.0,6550.0,16.4,23.2,10.1,平成30年,健康問題,10423.0
平成30年,80歳以上,2290.0,2018,平成30年,20840.0,14290.0,6550.0,16.4,23.2,10.1,平成30年,経済・生活問題,3432.0
平成30年,80歳以上,2290.0,2018,平成30年,20840.0,14290.0,6550.0,16.4,23.2,10.1,平成30年,勤務問題,2018.0
平成30年,80歳以上,2290.0,2018,平成30年,20840.0,14290.0,6550.0,16.4,23.2,10.1,平成30年,交男際（女男問女）題問題,715.0
平成30年,80歳以上,2290.0,2018,平成30年,20840.0,14290.0,6550.0,16.4,23.2,10.1,平成30年,学校問題,354.0
平成30年,80歳以上,2290.0,2018,平成30年,20840.0,14290.0,6550.0,16.4,23.2,10.1,平成30年,その他,1081.0
平成30年,不詳,52.0,2018,平成30年,20840.0,14290.0,6550.0,16.4,23.2,10.1,平成30年,家庭問題,3147.0
平成30年,不詳,52.0,2018,平成30年,20840.0,14290.0,6550.0,16.4,23.2,10.1,平成30年,健康問題,10423.0
平成30年,不詳,52.0,2018,平成30年,20840.0,14290.0,6550.0,16.4,23.2,10.1,平成30年,経済・生活問題,3432.0
平成30年,不詳,52.0,2018,平成30年,20840.0,14290.0,6550.0,16.4,23.2,10.1,平成30年,勤務問題,2018.0
平成30年,不詳,52.0,2018,平成30年,20840.0,14290.0,6550.0,16.4,23.2,10.1,平成30年,交男際（女男問女）題問題,715.0
平成30年,不詳,52.0,2018,平成30年,20840.0,14290.0,6550.0,16.4,23.2,10.1,平成30年,学校問題,354.0
平成30年,不詳,52.0,2018,平成30年,20840.0,14290.0,6550.0,16.4,23.2,10.1,平成30年,その他,1081.0
平成30年,合計,20840.0,2018,平成30年,20840.0,14290.0,6550.0,16.4,23.2,10.1,平成30年,家庭問題,3147.0
平成30年,合計,20840.0,2018,平成30年,20840.0,14290.0,6550.0,16.4,23.2,10.1,平成30年,健康問題,10423.0
平成30年,合計,20840.0,2018,平成30年,20840.0,14290.0,6550.0,16.4,23.2,10.1,平成30年,経済・生活問題,3432.0
平成30年,合計,20840.0,2018,平成30年,20840.0,14290.0,6550.0,16.4,23.2,10.1,平成30年,勤務問題,2018.0
平成30年,合計,20840.0,2018,平成30年,20840.0,14290.0,6550.0,16.4,23.2,10.1,平成30年,交男際（女男問女）題問題,715.0
平成30年,合計,20840.0,2018,平成30年,20840.0,14290.0,6550.0,16.4,23.2,10.1,平成30年,学校問題,354.0
平成30年,合計,20840.0,2018,平成30年,20840.0,14290.0,6550.0,16.4,23.2,10.1,平成30年,その他,1081.0
令和元年,0～9歳,0.0,2019,令和元年,20169.0,14078.0,6091.0,15.9,22.9,9.4,令和元年,家庭問題,3039.0
令和元年,0～9歳,0.0,2019,令和元年,20169.0,14078.0,6091.0,15.9,22.9,9.4,令和元年,健康問題,9861.0
令和元年,0～9歳,0.0,2019,令和元年,20169.0,14078.0,6091.0,15.9,22.9,9.4,令和元年,経済・生活問題,3395.0
令和元年,0～9歳,0.0,2019,令和元年,20169.0,14078.0,6091.0,15.9,22.9,9.4,令和元年,勤務問題,1949.0
令和元年,0～9歳,0.0,2019,令和元年,20169.0,14078.0,6091.0,15.9,22.9,9.4,令和元年,交男際（女男問女）題問題,726.0
令和元年,0～9歳,0.0,2019,令和元年,20169.0,14078.0,6091.0,15.9,22.9,9.4,令和元年,学校問題,355.0
令和元年,0～9歳,0.0,2019,令和元年,20169.0,14078.0,6091.0,15.9,22.9,9.4,令和元年,その他,1056.0
令和元年,10～19歳,659.0,2019,令和元年,20169.0,14078.0,6091.0,15.9,22.9,9.4,令和元年,家庭問題,3039.0
令和元年,10～19歳,659.0,2019,令和元年,20169.0,14078.0,6091.0,15.9,22.9,9.4,令和元年,健康問題,9861.0
令和元年,10～19歳,659.0,2019,令和元年,20169.0,14078.0,6091.0,15.9,22.9,9.4,令和元年,経済・生活問題,3395.0
令和元年,10～19歳,659.0,2019,令和元年,20169.0,14078.0,6091.0,15.9,22.9,9.4,令和元年,勤務問題,1949.0
令和元年,10～19歳,659.0,2019,令和元年,20169.0,14078.0,6091.0,15.9,22.9,9.4,令和元年,交男際（女男問女）題問題,726.0
令和元年,10～19歳,659.0,2019,令和元年,20169.0,14078.0,6091.0,15.9,22.9,9.4,令和元年,学校問題,355.0
令和元年,10～19歳,659.0,2019,令和元年,20169.0,14078.0,6091.0,15.9,22.9,9.4,令和元年,その他,1056.0
令和元年,20～29歳,2117.0,2019,令和元年,20169.0,14078.0,6091.0,15.9,22.9,9.4,令和元年,家庭問題,3039.0
令和元年,20～29歳,2117.0,2019,令和元年,20169.0,14078.0,6091.0,15.9,22.9,9.4,令和元年,健康問題,9861.0
令和元年,20～29歳,2117.0,2019,令和元年,20169.0,14078.0,6091.0,15.9,22.9,9.4,令和元年,経済・生活問題,3395.0
令和元年,20～29歳,2117.0,2019,令和元年,20169.0,14078.0,6091.0,15.9,22.9,9.4,令和元年,勤務問題,1949.0
令和元年,20～29歳,2117.0,2019,令和元年,20169.0,14078.0,6091.0,15.9,22.9,9.4,令和元年,交男際（女男問女）題問題,726.0
令和元年,20～29歳,2117.0,2019,令和元年,20169.0,14078.0,6091.0,15.9,22.9,9.4,令和元年,学校問題,355.0
令和元年,20～29歳,2117.0,2019,令和元年,20169.0,14078.0,6091.0,15.9,22.9,9.4,令和元年,その他,1056.0
令和元年,30～39歳,2526.0,2019,令和元年,20169.0,14078.0,6091.0,15.9,22.9,9.4,令和元年,家庭問題,3039.0
令和元年,30～39歳,2526.0,2019,令和元年,20169.0,14078.0,6091.0,15.9,22.9,9.4,令和元年,健康問題,9861.0
令和元年,30～39歳,2526.0,2019,令和元年,20169.0,14078.0,6091.0,15.9,22.9,9.4,令和元年,経済・生活問題,3395.0
令和元年,30～39歳,2526.0,2019,令和元年,20169.0,14078.0,6091.0,15.9,22.9,9.4,令和元年,勤務問題,1949.0
令和元年,30～39歳,2526.0,2019,令和元年,20169.0,14078.0,6091.0,15.9,22.9,9.4,令和元年,交男際（女男問女）題問題,726.0
令和元年,30～39歳,2526.0,2019,令和元年,20169.0,14078.0,6091.0,15.9,22.9,9.4,令和元年,学校問題,355.0
令和元年,30～39歳,2526.0,2019,令和元年,20169.0,14078.0,6091.0,15.9,22.9,9.4,令和元年,その他,1056.0
令和元年,40～49歳,3426.0,2019,令和元年,20169.0,14078.0,6091.0,15.9,22.9,9.4,令和元年,家庭問題,3039.0
令和元年,40～49歳,3426.0,2019,令和元年,20169.0,14078.0,6091.0,15.9,22.9,9.4,令和元年,健康問題,9861.0
令和元年,40～49歳,3426.0,2019,令和元年,20169.0,14078.0,6091.0,15.9,22.9,9.4,令和元年,経済・生活問題,3395.0
令和元年,40～49歳,3426.0,2019,令和元年,20169.0,14078.0,6091.0,15.9,22.9,9.4,令和元年,勤務問題,1949.0
令和元年,40～49歳,3426.0,2019,令和元年,20169.0,14078.0,6091.0,15.9,22.9,9.4,令和元年,交男際（女男問女）題問題,726.0
令和元年,40～49歳,3426.0,2019,令和元年,20169.0,14078.0,6091.0,15.9,22.9,9.4,令和元年,学校問題,355.0
令和元年,40～49歳,3426.0,2019,令和元年,20169.0,14078.0,6091.0,15.9,22.9,9.4,令和元年,その他,1056.0
令和元年,50～59歳,3435.0,2019,令和元年,20169.0,14078.0,6091.0,15.9,22.9,9.4,令和元年,家庭問題,3039.0
令和元年,50～59歳,3435.0,2019,令和元年,20169.0,14078.0,6091.0,15.9,22.9,9.4,令和元年,健康問題,9861.0
令和元年,50～59歳,3435.0,2019,令和元年,20169.0,14078.0,6091.0,15.9,22.9,9.4,令和元年,経済・生活問題,3395.0
令和元年,50～59歳,3435.0,2019,令和元年,20169.0,14078.0,6091.0,15.9,22.9,9.4,令和元年,勤務問題,1949.0
令和元年,50～59歳,3435.0,2019,令和元年,20169.0,14078.0,6091.0,15.9,22.9,9.4,令和元年,交男際（女男問女）題問題,726.0
令和元年,50～59歳,3435.0,2019,令和元年,20169.0,14078.0,6091.0,15.9,22.9,9.4,令和元年,学校問題,355.0
令和元年,50～59歳,3435.0,2019,令和元年,20169.0,14078.0,6091.0,15.9,22.9,9.4,令和元年,その他,1056.0
令和元年,60～69歳,2902.0,2019,令和元年,20169.0,14078.0,6091.0,15.9,22.9,9.4,令和元年,家庭問題,3039.0
令和元年,60～69歳,2902.0,2019,令和元年,20169.0,14078.0,6091.0,15.9,22.9,9.4,令和元年,健康問題,9861.0
令和元年,60～69歳,2902.0,2019,令和元年,20169.0,14078.0,6091.0,15.9,22.9,9.4,令和元年,経済・生活問題,3395.0
令和元年,60～69歳,2902.0,2019,令和元年,20169.0,14078.0,6091.0,15.9,22.9,9.4,令和元年,勤務問題,1949.0
令和元年,60～69歳,2902.0,2019,令和元年,20169.0,14078.0,6091.0,15.9,22.9,9.4,令和元年,交男際（女男問女）題問題,726.0
令和元年,60～69歳,2902.0,2019,令和元年,20169.0,14078.0,6091.0,15.9,22.9,9.4,令和元年,学校問題,355.0
令和元年,60～69歳,2902.0,2019,令和元年,20169.0,14078.0,6091.0,15.9,22.9,9.4,令和元年,その他,1056.0
令和元年,70～79歳,2917.0,2019,令和元年,20169.0,14078.0,6091.0,15.9,22.9,9.4,令和元年,家庭問題,3039.0
令和元年,70～79歳,2917.0,2019,令和元年,20169.0,14078.0,6091.0,15.9,22.9,9.4,令和元年,健康問題,9861.0
令和元年,70～79歳,2917.0,2019,令和元年,20169.0,14078.0,6091.0,15.9,22.9,9.4,令和元年,経済・生活問題,3395.0
令和元年,70～79歳,2917.0,2019,令和元年,20169.0,14078.0,6091.0,15.9,22.9,9.4,令和元年,勤務問題,1949.0
令和元年,70～79歳,2917.0,2019,令和元年,20169.0,14078.0,6091.0,15.9,22.9,9.4,令和元年,交男際（女男問女）題問題,726.0
令和元年,70～79歳,2917.0,2019,令和元年,20169.0,14078.0,6091.0,15.9,22.9,9.4,令和元年,学校問題,355.0
令和元年,70～79歳,2917.0,2019,令和元年,20169.0,14078.0,6091.0,15.9,22.9,9.4,令和元年,その他,1056.0
令和元年,80歳以上,2134.0,2019,令和元年,20169.0,14078.0,6091.0,15.9,22.9,9.4,令和元年,家庭問題,3039.0
令和元年,80歳以上,2134.0,2019,令和元年,20169.0,14078.0,6091.0,15.9,22.9,9.4,令和元年,健康問題,9861.0
令和元年,80歳以上,2134.0,2019,令和元年,20169.0,14078.0,6091.0,15.9,22.9,9.4,令和元年,経済・生活問題,3395.0
令和元年,80歳以上,2134.0,2019,令和元年,20169.0,14078.0,6091.0,15.9,22.9,9.4,令和元年,勤務問題,1949.0
令和元年,80歳以上,2134.0,2019,令和元年,20169.0,14078.0,6091.0,15.9,22.9,9.4,令和元年,交男際（女男問女）題問題,726.0
令和元年,80歳以上,2134.0,2019,令和元年,20169.0,14078.0,6091.0,15.9,22.9,9.4,令和元年,学校問題,355.0
令和元年,80歳以上,2134.0,2019,令和元年,20169.0,14078.0,6091.0,15.9,22.9,9.4,令和元年,その他,1056.0
令和元年,不詳,53.0,2019,令和元年,20169.0,14078.0,6091.0,15.9,22.9,9.4,令和元年,家庭問題,3039.0
令和元年,不詳,53.0,2019,令和元年,20169.0,14078.0,6091.0,15.9,22.9,9.4,令和元年,健康問題,9861.0
令和元年,不詳,53.0,2019,令和元年,20169.0,14078.0,6091.0,15.9,22.9,9.4,令和元年,経済・生活問題,3395.0
令和元年,不詳,53.0,2019,令和元年,20169.0,14078.0,6091.0,15.9,22.9,9.4,令和元年,勤務問題,1949.0
令和元年,不詳,53.0,2019,令和元年,20169.0,14078.0,6091.0,15.9,22.9,9.4,令和元年,交男際（女男問女）題問題,726.0
令和元年,不詳,53.0,2019,令和元年,20169.0,14078.0,6091.0,15.9,22.9,9.4,令和元年,学校問題,355.0
令和元年,不詳,53.0,2019,令和元年,20169.0,14078.0,6091.0,15.9,22.9,9.4,令和元年,その他,1056.0
令和元年,合計,20169.0,2019,令和元年,20169.0,14078.0,6091.0,15.9,22.9,9.4,令和元年,家庭問題,3039.0
令和元年,合計,20169.0,2019,令和元年,20169.0,14078.0,6091.0,15.9,22.9,9.4,令和元年,健康問題,9861.0
令和元年,合計,20169.0,2019,令和元年,20169.0,14078.0,6091.0,15.9,22.9,9.4,令和元年,経済・生活問題,3395.0
令和元年,合計,20169.0,2019,令和元年,20169.0,14078.0,6091.0,15.9,22.9,9.4,令和元年,勤務問題,1949.0
令和元年,合計,20169.0,2019,令和元年,20169.0,14078.0,6091.0,15.9,22.9,9.4,令和元年,交男際（女男問女）題問題,726.0
令和元年,合計,20169.0,2019,令和元年,20169.0,14078.0,6091.0,15.9,22.9,9.4,令和元年,学校問題,355.0
令和元年,合計,20169.0,2019,令和元年,20169.0,14078.0,6091.0,15.9,22.9,9.4,令和元年,その他,1056.0
令和２年,0～9歳,0.0,2020,令和２年,21081.0,14055.0,7026.0,16.7,22.9,10.8,令和２年,家庭問題,3128.0
令和２年,0～9歳,0.0,2020,令和２年,21081.0,14055.0,7026.0,16.7,22.9,10.8,令和２年,健康問題,10195.0
令和２年,0～9歳,0.0,2020,令和２年,21081.0,14055.0,7026.0,16.7,22.9,10.8,令和２年,経済・生活問題,3216.0
令和２年,0～9歳,0.0,2020,令和２年,21081.0,14055.0,7026.0,16.7,22.9,10.8,令和２年,勤務問題,1918.0
令和２年,0～9歳,0.0,2020,令和２年,21081.0,14055.0,7026.0,16.7,22.9,10.8,令和２年,交男際（女男問女）題問題,799.0
令和２年,0～9歳,0.0,2020,令和２年,21081.0,14055.0,7026.0,16.7,22.9,10.8,令和２年,学校問題,405.0
令和２年,0～9歳,0.0,2020,令和２年,21081.0,14055.0,7026.0,16.7,22.9,10.8,令和２年,その他,1221.0
令和２年,10～19歳,777.0,2020,令和２年,21081.0,14055.0,7026.0,16.7,22.9,10.8,令和２年,家庭問題,3128.0
令和２年,10～19歳,777.0,2020,令和２年,21081.0,14055.0,7026.0,16.7,22.9,10.8,令和２年,健康問題,10195.0
令和２年,10～19歳,777.0,2020,令和２年,21081.0,14055.0,7026.0,16.7,22.9,10.8,令和２年,経済・生活問題,3216.0
令和２年,10～19歳,777.0,2020,令和２年,21081.0,14055.0,7026.0,16.7,22.9,10.8,令和２年,勤務問題,1918.0
令和２年,10～19歳,777.0,2020,令和２年,21081.0,14055.0,7026.0,16.7,22.9,10.8,令和２年,交男際（女男問女）題問題,799.0
令和２年,10～19歳,777.0,2020,令和２年,21081.0,14055.0,7026.0,16.7,22.9,10.8,令和２年,学校問題,405.0
令和２年,10～19歳,777.0,2020,令和２年,21081.0,14055.0,7026.0,16.7,22.9,10.8,令和２年,その他,1221.0
令和２年,20～29歳,2521.0,2020,令和２年,21081.0,14055.0,7026.0,16.7,22.9,10.8,令和２年,家庭問題,3128.0
令和２年,20～29歳,2521.0,2020,令和２年,21081.0,14055.0,7026.0,16.7,22.9,10.8,令和２年,健康問題,10195.0
令和２年,20～29歳,2521.0,2020,令和２年,21081.0,14055.0,7026.0,16.7,22.9,10.8,令和２年,経済・生活問題,3216.0
令和２年,20～29歳,2521.0,2020,令和２年,21081.0,14055.0,7026.0,16.7,22.9,10.8,令和２年,勤務問題,1918.0
令和２年,20～29歳,2521.0,2020,令和２年,21081.0,14055.0,7026.0,16.7,22.9,10.8,令和２年,交男際（女男問女）題問題,799.0
令和２年,20～29歳,2521.0,2020,令和２年,21081.0,14055.0,7026.0,16.7,22.9,10.8,令和２年,学校問題,405.0
令和２年,20～29歳,2521.0,2020,令和２年,21081.0,14055.0,7026.0,16.7,22.9,10.8,令和２年,その他,1221.0
令和２年,30～39歳,2610.0,2020,令和２年,21081.0,14055.0,7026.0,16.7,22.9,10.8,令和２年,家庭問題,3128.0
令和２年,30～39歳,2610.0,2020,令和２年,21081.0,14055.0,7026.0,16.7,22.9,10.8,令和２年,健康問題,10195.0
令和２年,30～39歳,2610.0,2020,令和２年,21081.0,14055.0,7026.0,16.7,22.9,10.8,令和２年,経済・生活問題,3216.0
令和２年,30～39歳,2610.0,2020,令和２年,21081.0,14055.0,7026.0,16.7,22.9,10.8,令和２年,勤務問題,1918.0
令和２年,30～39歳,2610.0,2020,令和２年,21081.0,14055.0,7026.0,16.7,22.9,10.8,令和２年,交男際（女男問女）題問題,799.0
令和２年,30～39歳,2610.0,2020,令和２年,21081.0,14055.0,7026.0,16.7,22.9,10.8,令和２年,学校問題,405.0
令和２年,30～39歳,2610.0,2020,令和２年,21081.0,14055.0,7026.0,16.7,22.9,10.8,令和２年,その他,1221.0
令和２年,40～49歳,3568.0,2020,令和２年,21081.0,14055.0,7026.0,16.7,22.9,10.8,令和２年,家庭問題,3128.0
令和２年,40～49歳,3568.0,2020,令和２年,21081.0,14055.0,7026.0,16.7,22.9,10.8,令和２年,健康問題,10195.0
令和２年,40～49歳,3568.0,2020,令和２年,21081.0,14055.0,7026.0,16.7,22.9,10.8,令和２年,経済・生活問題,3216.0
令和２年,40～49歳,3568.0,2020,令和２年,21081.0,14055.0,7026.0,16.7,22.9,10.8,令和２年,勤務問題,1918.0
令和２年,40～49歳,3568.0,2020,令和２年,21081.0,14055.0,7026.0,16.7,22.9,10.8,令和２年,交男際（女男問女）題問題,799.0
令和２年,40～49歳,3568.0,2020,令和２年,21081.0,14055.0,7026.0,16.7,22.9,10.8,令和２年,学校問題,405.0
令和２年,40～49歳,3568.0,2020,令和２年,21081.0,14055.0,7026.0,16.7,22.9,10.8,令和２年,その他,1221.0
令和２年,50～59歳,3425.0,2020,令和２年,21081.0,14055.0,7026.0,16.7,22.9,10.8,令和２年,家庭問題,3128.0
令和２年,50～59歳,3425.0,2020,令和２年,21081.0,14055.0,7026.0,16.7,22.9,10.8,令和２年,健康問題,10195.0
令和２年,50～59歳,3425.0,2020,令和２年,21081.0,14055.0,7026.0,16.7,22.9,10.8,令和２年,経済・生活問題,3216.0
令和２年,50～59歳,3425.0,2020,令和２年,21081.0,14055.0,7026.0,16.7,22.9,10.8,令和２年,勤務問題,1918.0
令和２年,50～59歳,3425.0,2020,令和２年,21081.0,14055.0,7026.0,16.7,22.9,10.8,令和２年,交男際（女男問女）題問題,799.0
令和２年,50～59歳,3425.0,2020,令和２年,21081.0,14055.0,7026.0,16.7,22.9,10.8,令和２年,学校問題,405.0
令和２年,50～59歳,3425.0,2020,令和２年,21081.0,14055.0,7026.0,16.7,22.9,10.8,令和２年,その他,1221.0
令和２年,60～69歳,2795.0,2020,令和２年,21081.0,14055.0,7026.0,16.7,22.9,10.8,令和２年,家庭問題,3128.0
令和２年,60～69歳,2795.0,2020,令和２年,21081.0,14055.0,7026.0,16.7,22.9,10.8,令和２年,健康問題,10195.0
令和２年,60～69歳,2795.0,2020,令和２年,21081.0,14055.0,7026.0,16.7,22.9,10.8,令和２年,経済・生活問題,3216.0
令和２年,60～69歳,2795.0,2020,令和２年,21081.0,14055.0,7026.0,16.7,22.9,10.8,令和２年,勤務問題,1918.0
令和２年,60～69歳,2795.0,2020,令和２年,21081.0,14055.0,7026.0,16.7,22.9,10.8,令和２年,交男際（女男問女）題問題,799.0
令和２年,60～69歳,2795.0,2020,令和２年,21081.0,14055.0,7026.0,16.7,22.9,10.8,令和２年,学校問題,405.0
令和２年,60～69歳,2795.0,2020,令和２年,21081.0,14055.0,7026.0,16.7,22.9,10.8,令和２年,その他,1221.0
令和２年,70～79歳,3026.0,2020,令和２年,21081.0,14055.0,7026.0,16.7,22.9,10.8,令和２年,家庭問題,3128.0
令和２年,70～79歳,3026.0,2020,令和２年,21081.0,14055.0,7026.0,16.7,22.9,10.8,令和２年,健康問題,10195.0
令和２年,70～79歳,3026.0,2020,令和２年,21081.0,14055.0,7026.0,16.7,22.9,10.8,令和２年,経済・生活問題,3216.0
令和２年,70～79歳,3026.0,2020,令和２年,21081.0,14055.0,7026.0,16.7,22.9,10.8,令和２年,勤務問題,1918.0
令和２年,70～79歳,3026.0,2020,令和２年,21081.0,14055.0,7026.0,16.7,22.9,10.8,令和２年,交男際（女男問女）題問題,799.0
令和２年,70～79歳,3026.0,2020,令和２年,21081.0,14055.0,7026.0,16.7,22.9,10.8,令和２年,学校問題,405.0
令和２年,70～79歳,3026.0,2020,令和２年,21081.0,14055.0,7026.0,16.7,22.9,10.8,令和２年,その他,1221.0
令和２年,80歳以上,2305.0,2020,令和２年,21081.0,14055.0,7026.0,16.7,22.9,10.8,令和２年,家庭問題,3128.0
令和２年,80歳以上,2305.0,2020,令和２年,21081.0,14055.0,7026.0,16.7,22.9,10.8,令和２年,健康問題,10195.0
令和２年,80歳以上,2305.0,2020,令和２年,21081.0,14055.0,7026.0,16.7,22.9,10.8,令和２年,経済・生活問題,3216.0
令和２年,80歳以上,2305.0,2020,令和２年,21081.0,14055.0,7026.0,16.7,22.9,10.8,令和２年,勤務問題,1918.0
令和２年,80歳以上,2305.0,2020,令和２年,21081.0,14055.0,7026.0,16.7,22.9,10.8,令和２年,交男際（女男問女）題問題,799.0
令和２年,80歳以上,2305.0,2020,令和２年,21081.0,14055.0,7026.0,16.7,22.9,10.8,令和２年,学校問題,405.0
令和２年,80歳以上,2305.0,2020,令和２年,21081.0,14055.0,7026.0,16.7,22.9,10.8,令和２年,その他,1221.0
令和２年,不詳,54.0,2020,令和２年,21081.0,14055.0,7026.0,16.7,22.9,10.8,令和２年,家庭問題,3128.0
令和２年,不詳,54.0,2020,令和２年,21081.0,14055.0,7026.0,16.7,22.9,10.8,令和２年,健康問題,10195.0
令和２年,不詳,54.0,2020,令和２年,21081.0,14055.0,7026.0,16.7,22.9,10.8,令和２年,経済・生活問題,3216.0
令和２年,不詳,54.0,2020,令和２年,21081.0,14055.0,7026.0,16.7,22.9,10.8,令和２年,勤務問題,1918.0
令和２年,不詳,54.0,2020,令和２年,21081.0,14055.0,7026.0,16.7,22.9,10.8,令和２年,交男際（女男問女）題問題,799.0
令和２年,不詳,54.0,2020,令和２年,21081.0,14055.0,7026.0,16.7,22.9,10.8,令和２年,学校問題,405.0
令和２年,不詳,54.0,2020,令和２年,21081.0,14055.0,7026.0,16.7,22.9,10.8,令和２年,その他,1221.0
令和２年,合計,21081.0,2020,令和２年,21081.0,14055.0,7026.0,16.7,22.9,10.8,令和２年,家庭問題,3128.0
令和２年,合計,21081.0,2020,令和２年,21081.0,14055.0,7026.0,16.7,22.9,10.8,令和２年,健康問題,10195.0
令和２年,合計,21081.0,2020,令和２年,21081.0,14055.0,7026.0,16.7,22.9,10.8,令和２年,経済・生活問題,3216.0
令和２年,合計,21081.0,2020,令和２年,21081.0,14055.0,7026.0,16.7,22.9,10.8,令和２年,勤務問題,1918.0
令和２年,合計,21081.0,2020,令和２年,21081.0,14055.0,7026.0,16.7,22.9,10.8,令和２年,交男際（女男問女）題問題,799.0
令和２年,合計,21081.0,2020,令和２年,21081.0,14055.0,7026.0,16.7,22.9,10.8,令和２年,学校問題,405.0
令和２年,合計,21081.0,2020,令和２年,21081.0,14055.0,7026.0,16.7,22.9,10.8,令和２年,その他,1221.0
令和３年,0～9歳,1.0,2021,令和３年,21007.0,13939.0,7068.0,16.7,22.8,11.0,令和３年,家庭問題,3200.0
令和３年,0～9歳,1.0,2021,令和３年,21007.0,13939.0,7068.0,16.7,22.8,11.0,令和３年,健康問題,9860.0
令和３年,0～9歳,1.0,2021,令和３年,21007.0,13939.0,7068.0,16.7,22.8,11.0,令和３年,経済・生活問題,3376.0
令和３年,0～9歳,1.0,2021,令和３年,21007.0,13939.0,7068.0,16.7,22.8,11.0,令和３年,勤務問題,1935.0
令和３年,0～9歳,1.0,2021,令和３年,21007.0,13939.0,7068.0,16.7,22.8,11.0,令和３年,交男際（女男問女）題問題,797.0
令和３年,0～9歳,1.0,2021,令和３年,21007.0,13939.0,7068.0,16.7,22.8,11.0,令和３年,学校問題,370.0
令和３年,0～9歳,1.0,2021,令和３年,21007.0,13939.0,7068.0,16.7,22.8,11.0,令和３年,その他,1302.0
令和３年,10～19歳,749.0,2021,令和３年,21007.0,13939.0,7068.0,16.7,22.8,11.0,令和３年,家庭問題,3200.0
令和３年,10～19歳,749.0,2021,令和３年,21007.0,13939.0,7068.0,16.7,22.8,11.0,令和３年,健康問題,9860.0
令和３年,10～19歳,749.0,2021,令和３年,21007.0,13939.0,7068.0,16.7,22.8,11.0,令和３年,経済・生活問題,3376.0
令和３年,10～19歳,749.0,2021,令和３年,21007.0,13939.0,7068.0,16.7,22.8,11.0,令和３年,勤務問題,1935.0
令和３年,10～19歳,749.0,2021,令和３年,21007.0,13939.0,7068.0,16.7,22.8,11.0,令和３年,交男際（女男問女）題問題,797.0
令和３年,10～19歳,749.0,2021,令和３年,21007.0,13939.0,7068.0,16.7,22.8,11.0,令和３年,学校問題,370.0
令和３年,10～19歳,749.0,2021,令和３年,21007.0,13939.0,7068.0,16.7,22.8,11.0,令和３年,その他,1302.0
令和３年,20～29歳,2611.0,2021,令和３年,21007.0,13939.0,7068.0,16.7,22.8,11.0,令和３年,家庭問題,3200.0
令和３年,20～29歳,2611.0,2021,令和３年,21007.0,13939.0,7068.0,16.7,22.8,11.0,令和３年,健康問題,9860.0
令和３年,20～29歳,2611.0,2021,令和３年,21007.0,13939.0,7068.0,16.7,22.8,11.0,令和３年,経済・生活問題,3376.0
令和３年,20～29歳,2611.0,2021,令和３年,21007.0,13939.0,7068.0,16.7,22.8,11.0,令和３年,勤務問題,1935.0
令和３年,20～29歳,2611.0,2021,令和３年,21007.0,13939.0,7068.0,16.7,22.8,11.0,令和３年,交男際（女男問女）題問題,797.0
令和３年,20～29歳,2611.0,2021,令和３年,21007.0,13939.0,7068.0,16.7,22.8,11.0,令和３年,学校問題,370.0
令和３年,20～29歳,2611.0,2021,令和３年,21007.0,13939.0,7068.0,16.7,22.8,11.0,令和３年,その他,1302.0
令和３年,30～39歳,2554.0,2021,令和３年,21007.0,13939.0,7068.0,16.7,22.8,11.0,令和３年,家庭問題,3200.0
令和３年,30～39歳,2554.0,2021,令和３年,21007.0,13939.0,7068.0,16.7,22.8,11.0,令和３年,健康問題,9860.0
令和３年,30～39歳,2554.0,2021,令和３年,21007.0,13939.0,7068.0,16.7,22.8,11.0,令和３年,経済・生活問題,3376.0
令和３年,30～39歳,2554.0,2021,令和３年,21007.0,13939.0,7068.0,16.7,22.8,11.0,令和３年,勤務問題,1935.0
令和３年,30～39歳,2554.0,2021,令和３年,21007.0,13939.0,7068.0,16.7,22.8,11.0,令和３年,交男際（女男問女）題問題,797.0
令和３年,30～39歳,2554.0,2021,令和３年,21007.0,13939.0,7068.0,16.7,22.8,11.0,令和３年,学校問題,370.0
令和３年,30～39歳,2554.0,2021,令和３年,21007.0,13939.0,7068.0,16.7,22.8,11.0,令和３年,その他,1302.0
令和３年,40～49歳,3575.0,2021,令和３年,21007.0,13939.0,7068.0,16.7,22.8,11.0,令和３年,家庭問題,3200.0
令和３年,40～49歳,3575.0,2021,令和３年,21007.0,13939.0,7068.0,16.7,22.8,11.0,令和３年,健康問題,9860.0
令和３年,40～49歳,3575.0,2021,令和３年,21007.0,13939.0,7068.0,16.7,22.8,11.0,令和３年,経済・生活問題,3376.0
令和３年,40～49歳,3575.0,2021,令和３年,21007.0,13939.0,7068.0,16.7,22.8,11.0,令和３年,勤務問題,1935.0
令和３年,40～49歳,3575.0,2021,令和３年,21007.0,13939.0,7068.0,16.7,22.8,11.0,令和３年,交男際（女男問女）題問題,797.0
令和３年,40～49歳,3575.0,2021,令和３年,21007.0,13939.0,7068.0,16.7,22.8,11.0,令和３年,学校問題,370.0
令和３年,40～49歳,3575.0,2021,令和３年,21007.0,13939.0,7068.0,16.7,22.8,11.0,令和３年,その他,1302.0
令和３年,50～59歳,3618.0,2021,令和３年,21007.0,13939.0,7068.0,16.7,22.8,11.0,令和３年,家庭問題,3200.0
令和３年,50～59歳,3618.0,2021,令和３年,21007.0,13939.0,7068.0,16.7,22.8,11.0,令和３年,健康問題,9860.0
令和３年,50～59歳,3618.0,2021,令和３年,21007.0,13939.0,7068.0,16.7,22.8,11.0,令和３年,経済・生活問題,3376.0
令和３年,50～59歳,3618.0,2021,令和３年,21007.0,13939.0,7068.0,16.7,22.8,11.0,令和３年,勤務問題,1935.0
令和３年,50～59歳,3618.0,2021,令和３年,21007.0,13939.0,7068.0,16.7,22.8,11.0,令和３年,交男際（女男問女）題問題,797.0
令和３年,50～59歳,3618.0,2021,令和３年,21007.0,13939.0,7068.0,16.7,22.8,11.0,令和３年,学校問題,370.0
令和３年,50～59歳,3618.0,2021,令和３年,21007.0,13939.0,7068.0,16.7,22.8,11.0,令和３年,その他,1302.0
令和３年,60～69歳,2637.0,2021,令和３年,21007.0,13939.0,7068.0,16.7,22.8,11.0,令和３年,家庭問題,3200.0
令和３年,60～69歳,2637.0,2021,令和３年,21007.0,13939.0,7068.0,16.7,22.8,11.0,令和３年,健康問題,9860.0
令和３年,60～69歳,2637.0,2021,令和３年,21007.0,13939.0,7068.0,16.7,22.8,11.0,令和３年,経済・生活問題,3376.0
令和３年,60～69歳,2637.0,2021,令和３年,21007.0,13939.0,7068.0,16.7,22.8,11.0,令和３年,勤務問題,1935.0
令和３年,60～69歳,2637.0,2021,令和３年,21007.0,13939.0,7068.0,16.7,22.8,11.0,令和３年,交男際（女男問女）題問題,797.0
令和３年,60～69歳,2637.0,2021,令和３年,21007.0,13939.0,7068.0,16.7,22.8,11.0,令和３年,学校問題,370.0
令和３年,60～69歳,2637.0,2021,令和３年,21007.0,13939.0,7068.0,16.7,22.8,11.0,令和３年,その他,1302.0
令和３年,70～79歳,3009.0,2021,令和３年,21007.0,13939.0,7068.0,16.7,22.8,11.0,令和３年,家庭問題,3200.0
令和３年,70～79歳,3009.0,2021,令和３年,21007.0,13939.0,7068.0,16.7,22.8,11.0,令和３年,健康問題,9860.0
令和３年,70～79歳,3009.0,2021,令和３年,21007.0,13939.0,7068.0,16.7,22.8,11.0,令和３年,経済・生活問題,3376.0
令和３年,70～79歳,3009.0,2021,令和３年,21007.0,13939.0,7068.0,16.7,22.8,11.0,令和３年,勤務問題,1935.0
令和３年,70～79歳,3009.0,2021,令和３年,21007.0,13939.0,7068.0,16.7,22.8,11.0,令和３年,交男際（女男問女）題問題,797.0
令和３年,70～79歳,3009.0,2021,令和３年,21007.0,13939.0,7068.0,16.7,22.8,11.0,令和３年,学校問題,370.0
令和３年,70～79歳,3009.0,2021,令和３年,21007.0,13939.0,7068.0,16.7,22.8,11.0,令和３年,その他,1302.0
令和３年,80歳以上,2214.0,2021,令和３年,21007.0,13939.0,7068.0,16.7,22.8,11.0,令和３年,家庭問題,3200.0
令和３年,80歳以上,2214.0,2021,令和３年,21007.0,13939.0,7068.0,16.7,22.8,11.0,令和３年,健康問題,9860.0
令和３年,80歳以上,2214.0,2021,令和３年,21007.0,13939.0,7068.0,16.7,22.8,11.0,令和３年,経済・生活問題,3376.0
令和３年,80歳以上,2214.0,2021,令和３年,21007.0,13939.0,7068.0,16.7,22.8,11.0,令和３年,勤務問題,1935.0
令和３年,80歳以上,2214.0,2021,令和３年,21007.0,13939.0,7068.0,16.7,22.8,11.0,令和３年,交男際（女男問女）題問題,797.0
令和３年,80歳以上,2214.0,2021,令和３年,21007.0,13939.0,7068.0,16.7,22.8,11.0,令和３年,学校問題,370.0
令和３年,80歳以上,2214.0,2021,令和３年,21007.0,13939.0,7068.0,16.7,22.8,11.0,令和３年,その他,1302.0
令和３年,不詳,39.0,2021,令和３年,21007.0,13939.0,7068.0,16.7,22.8,11.0,令和３年,家庭問題,3200.0
令和３年,不詳,39.0,2021,令和３年,21007.0,13939.0,7068.0,16.7,22.8,11.0,令和３年,健康問題,9860.0
令和３年,不詳,39.0,2021,令和３年,21007.0,13939.0,7068.0,16.7,22.8,11.0,令和３年,経済・生活問題,3376.0
令和３年,不詳,39.0,2021,令和３年,21007.0,13939.0,7068.0,16.7,22.8,11.0,令和３年,勤務問題,1935.0
令和３年,不詳,39.0,2021,令和３年,21007.0,13939.0,7068.0,16.7,22.8,11.0,令和３年,交男際（女男問女）題問題,797.0
令和３年,不詳,39.0,2021,令和３年,21007.0,13939.0,7068.0,16.7,22.8,11.0,令和３年,学校問題,370.0
令和３年,不詳,39.0,2021,令和３年,21007.0,13939.0,7068.0,16.7,22.8,11.0,令和３年,その他,1302.0
令和３年,合計,21007.0,2021,令和３年,21007.0,13939.0,7068.0,16.7,22.8,11.0,令和３年,家庭問題,3200.0
令和３年,合計,21007.0,2021,令和３年,21007.0,13939.0,7068.0,16.7,22.8,11.0,令和３年,健康問題,9860.0
令和３年,合計,21007.0,2021,令和３年,21007.0,13939.0,7068.0,16.7,22.8,11.0,令和３年,経済・生活問題,3376.0
令和３年,合計,21007.0,2021,令和３年,21007.0,13939.0,7068.0,16.7,22.8,11.0,令和３年,勤務問題,1935.0
令和３年,合計,21007.0,2021,令和３年,21007.0,13939.0,7068.0,16.7,22.8,11.0,令和３年,交男際（女男問女）題問題,797.0
令和３年,合計,21007.0,2021,令和３年,21007.0,13939.0,7068.0,16.7,22.8,11.0,令和３年,学校問題,370.0
令和３年,合計,21007.0,2021,令和３年,21007.0,13939.0,7068.0,16.7,22.8,11.0,令和３年,その他,1302.0
令和４年,0～9歳,2.0,2022,令和４年,21881.0,14746.0,7135.0,17.5,24.3,11.1,,,
令和４年,10～19歳,796.0,2022,令和４年,21881.0,14746.0,7135.0,17.5,24.3,11.1,,,
令和４年,20～29歳,2483.0,2022,令和４年,21881.0,14746.0,7135.0,17.5,24.3,11.1,,,
令和４年,30～39歳,2545.0,2022,令和４年,21881.0,14746.0,7135.0,17.5,24.3,11.1,,,
令和４年,40～49歳,3665.0,2022,令和４年,21881.0,14746.0,7135.0,17.5,24.3,11.1,,,
令和４年,50～59歳,4093.0,2022,令和４年,21881.0,14746.0,7135.0,17.5,24.3,11.1,,,
令和４年,60～69歳,2765.0,2022,令和４年,21881.0,14746.0,7135.0,17.5,24.3,11.1,,,
令和４年,70～79歳,2994.0,2022,令和４年,21881.0,14746.0,7135.0,17.5,24.3,11.1,,,
令和４年,80歳以上,2490.0,2022,令和４年,21881.0,14746.0,7135.0,17.5,24.3,11.1,,,
令和４年,不詳,48.0,2022,令和４年,21881.0,14746.0,7135.0,17.5,24.3,11.1,,,
令和４年,合計,21881.0,2022,令和４年,21881.0,14746.0,7135.0,17.5,24.3,11.1,,,
令和５年,0～9歳,0.0,2023,令和５年,21837.0,14862.0,6975.0,17.6,24.6,10.9,,,
令和５年,10～19歳,810.0,2023,令和５年,21837.0,14862.0,6975.0,17.6,24.6,10.9,,,
令和５年,20～29歳,2521.0,2023,令和５年,21837.0,14862.0,6975.0,17.6,24.6,10.9,,,
令和５年,30～39歳,2587.0,2023,令和５年,21837.0,14862.0,6975.0,17.6,24.6,10.9,,,
令和５年,40～49歳,3625.0,2023,令和５年,21837.0,14862.0,6975.0,17.6,24.6,10.9,,,
令和５年,50～59歳,4194.0,2023,令和５年,21837.0,14862.0,6975.0,17.6,24.6,10.9,,,
令和５年,60～69歳,2798.0,2023,令和５年,21837.0,14862.0,6975.0,17.6,24.6,10.9,,,
令和５年,70～79歳,2901.0,2023,令和５年,21837.0,14862.0,6975.0,17.6,24.6,10.9,,,
令和５年,80歳以上,2370.0,2023,令和５年,21837.0,14862.0,6975.0,17.6,24.6,10.9,,,
令和５年,不詳,31.0,2023,令和５年,21837.0,14862.0,6975.0,17.6,24.6,10.9,,,
令和５年,合計,21837.0,2023,令和５年,21837.0,14862.0,6975.0,17.6,24.6,10.9,,,
令和６年,0～9歳,1.0,2024,令和６年,20320.0,13801.0,6519.0,16.4,22.9,10.3,,,
令和６年,10～19歳,799.0,2024,令和６年,20320.0,13801.0,6519.0,16.4,22.9,10.3,,,
令和６年,20～29歳,2465.0,2024,令和６年,20320.0,13801.0,6519.0,16.4,22.9,10.3,,,
令和６年,30～39歳,2399.0,2024,令和６年,20320.0,13801.0,6519.0,16.4,22.9,10.3,,,
令和６年,40～49歳,3214.0,2024,令和６年,20320.0,13801.0,6519.0,16.4,22.9,10.3,,,
令和６年,50～59歳,3799.0,2024,令和６年,20320.0,13801.0,6519.0,16.4,22.9,10.3,,,
令和６年,60～69歳,2584.0,2024,令和６年,20320.0,13801.0,6519.0,16.4,22.9,10.3,,,
令和６年,70～79歳,2685.0,2024,令和６年,20320.0,13801.0,6519.0,16.4,22.9,10.3,,,
令和６年,80歳以上,2346.0,2024,令和６年,20320.0,13801.0,6519.0,16.4,22.9,10.3,,,
令和６年,不詳,28.0,2024,令和６年,20320.0,13801.0,6519.0,16.4,22.9,10.3,,,
令和６年,合計,20320.0,2024,令和６年,20320.0,13801.0,6519.0,16.4,22.9,10.3,,,
